Id,Category
22792,1
22793,1
22794,1
22795,1
22796,1
22797,0
22798,0
22799,0
22800,1
22801,0
22802,1
22803,0
22804,1
22805,1
22806,1
22807,0
22808,1
22809,1
22810,0
22811,1
22812,1
22813,1
22814,0
22815,1
22816,0
22817,1
22818,0
22819,1
22820,1
22821,0
22822,0
22823,0
22824,0
22825,1
22826,1
22827,1
22828,1
22829,0
22830,1
22831,1
22832,1
22833,1
22834,0
22835,0
22836,0
22837,0
22838,1
22839,1
22840,0
22841,0
22842,1
22843,0
22844,1
22845,1
22846,1
22847,1
22848,0
22849,0
22850,0
22851,1
22852,0
22853,1
22854,0
22855,0
22856,0
22857,0
22858,0
22859,0
22860,0
22861,0
22862,0
22863,0
22864,0
22865,0
22866,0
22867,0
22868,0
22869,1
22870,0
22871,1
22872,0
22873,0
22874,0
22875,0
22876,1
22877,1
22878,0
22879,1
22880,1
22881,0
22882,1
22883,1
22884,0
22885,1
22886,1
22887,0
22888,1
22889,0
22890,0
22891,1
22892,1
22893,0
22894,0
22895,0
22896,0
22897,0
22898,1
22899,1
22900,0
22901,0
22902,1
22903,1
22904,0
22905,0
22906,0
22907,1
22908,0
22909,0
22910,1
22911,1
22912,1
22913,0
22914,1
22915,1
22916,1
22917,1
22918,0
22919,1
22920,1
22921,1
22922,0
22923,1
22924,0
22925,0
22926,1
22927,0
22928,1
22929,1
22930,1
22931,0
22932,1
22933,0
22934,1
22935,0
22936,1
22937,1
22938,1
22939,1
22940,1
22941,1
22942,0
22943,1
22944,0
22945,0
22946,0
22947,1
22948,0
22949,1
22950,0
22951,1
22952,1
22953,1
22954,1
22955,0
22956,1
22957,1
22958,0
22959,0
22960,0
22961,0
22962,0
22963,1
22964,1
22965,1
22966,0
22967,0
22968,0
22969,0
22970,1
22971,0
22972,0
22973,0
22974,1
22975,0
22976,0
22977,1
22978,0
22979,1
22980,1
22981,1
22982,1
22983,0
22984,1
22985,0
22986,1
22987,1
22988,0
22989,0
22990,1
22991,1
22992,1
22993,1
22994,1
22995,1
22996,1
22997,1
22998,0
22999,0
23000,1
23001,0
23002,1
23003,0
23004,0
23005,0
23006,1
23007,1
23008,0
23009,0
23010,0
23011,0
23012,0
23013,0
23014,0
23015,0
23016,1
23017,1
23018,0
23019,1
23020,0
23021,0
23022,1
23023,0
23024,0
23025,1
23026,1
23027,1
23028,0
23029,1
23030,1
23031,0
23032,1
23033,0
23034,1
23035,0
23036,0
23037,0
23038,0
23039,0
23040,1
23041,0
23042,0
23043,0
23044,1
23045,0
23046,1
23047,0
23048,1
23049,1
23050,0
23051,0
23052,1
23053,0
23054,0
23055,0
23056,1
23057,1
23058,0
23059,1
23060,0
23061,0
23062,1
23063,0
23064,0
23065,1
23066,1
23067,0
23068,0
23069,0
23070,0
23071,0
23072,1
23073,1
23074,1
23075,1
23076,0
23077,1
23078,1
23079,0
23080,1
23081,0
23082,0
23083,1
23084,0
23085,0
23086,0
23087,0
23088,0
23089,1
23090,1
23091,1
23092,0
23093,0
23094,1
23095,1
23096,0
23097,0
23098,0
23099,1
23100,1
23101,1
23102,0
23103,1
23104,0
23105,0
23106,0
23107,1
23108,1
23109,1
23110,0
23111,1
23112,0
23113,0
23114,1
23115,0
23116,1
23117,1
23118,0
23119,0
23120,1
23121,1
23122,0
23123,0
23124,0
23125,1
23126,1
23127,0
23128,0
23129,1
23130,1
23131,0
23132,0
23133,0
23134,0
23135,1
23136,1
23137,1
23138,0
23139,0
23140,0
23141,0
23142,1
23143,1
23144,1
23145,1
23146,1
23147,0
23148,1
23149,1
23150,1
23151,0
23152,1
23153,0
23154,0
23155,0
23156,1
23157,1
23158,0
23159,1
23160,1
23161,1
23162,0
23163,0
23164,1
23165,1
23166,0
23167,0
23168,1
23169,0
23170,1
23171,1
23172,1
23173,0
23174,1
23175,1
23176,1
23177,1
23178,0
23179,0
23180,1
23181,1
23182,1
23183,0
23184,0
23185,1
23186,1
23187,0
23188,0
23189,1
23190,1
23191,1
23192,0
23193,0
23194,1
23195,1
23196,0
23197,0
23198,0
23199,0
23200,1
23201,1
23202,0
23203,0
23204,0
23205,1
23206,1
23207,1
23208,0
23209,1
23210,1
23211,1
23212,0
23213,0
23214,1
23215,0
23216,0
23217,1
23218,1
23219,1
23220,1
23221,1
23222,0
23223,1
23224,1
23225,0
23226,0
23227,1
23228,0
23229,0
23230,0
23231,1
23232,1
23233,0
23234,1
23235,0
23236,1
23237,1
23238,1
23239,1
23240,1
23241,1
23242,1
23243,1
23244,0
23245,1
23246,0
23247,0
23248,1
23249,0
23250,1
23251,1
23252,0
23253,0
23254,0
23255,1
23256,1
23257,0
23258,1
23259,1
23260,1
23261,1
23262,1
23263,0
23264,1
23265,1
23266,1
23267,1
23268,1
23269,0
23270,1
23271,0
23272,0
23273,1
23274,1
23275,0
23276,0
23277,1
23278,1
23279,0
23280,0
23281,0
23282,1
23283,1
23284,0
23285,0
23286,1
23287,0
23288,0
23289,0
23290,1
23291,1
23292,0
23293,1
23294,0
23295,1
23296,1
23297,0
23298,1
23299,0
23300,0
23301,1
23302,0
23303,1
23304,0
23305,0
23306,0
23307,0
23308,0
23309,0
23310,0
23311,0
23312,0
23313,0
23314,0
23315,0
23316,0
23317,1
23318,0
23319,0
23320,1
23321,1
23322,0
23323,0
23324,1
23325,1
23326,0
23327,0
23328,1
23329,0
23330,0
23331,1
23332,1
23333,0
23334,1
23335,1
23336,1
23337,1
23338,1
23339,0
23340,1
23341,1
23342,1
23343,0
23344,1
23345,0
23346,0
23347,0
23348,1
23349,0
23350,0
23351,0
23352,0
23353,0
23354,0
23355,1
23356,1
23357,0
23358,0
23359,1
23360,0
23361,1
23362,1
23363,0
23364,1
23365,0
23366,0
23367,0
23368,0
23369,1
23370,1
23371,0
23372,0
23373,0
23374,0
23375,0
23376,0
23377,1
23378,0
23379,0
23380,1
23381,0
23382,1
23383,1
23384,0
23385,0
23386,0
23387,0
23388,0
23389,0
23390,0
23391,1
23392,0
23393,1
23394,1
23395,0
23396,0
23397,1
23398,0
23399,0
23400,0
23401,0
23402,0
23403,1
23404,1
23405,0
23406,0
23407,0
23408,0
23409,0
23410,1
23411,1
23412,1
23413,1
23414,1
23415,0
23416,0
23417,1
23418,1
23419,1
23420,0
23421,0
23422,0
23423,0
23424,0
23425,0
23426,1
23427,0
23428,1
23429,0
23430,1
23431,1
23432,0
23433,1
23434,0
23435,1
23436,0
23437,1
23438,0
23439,1
23440,1
23441,0
23442,1
23443,0
23444,0
23445,1
23446,1
23447,0
23448,1
23449,0
23450,0
23451,0
23452,1
23453,1
23454,1
23455,1
23456,0
23457,0
23458,0
23459,1
23460,0
23461,1
23462,1
23463,1
23464,0
23465,1
23466,0
23467,1
23468,1
23469,0
23470,0
23471,1
23472,1
23473,1
23474,1
23475,1
23476,1
23477,0
23478,1
23479,0
23480,0
23481,0
23482,0
23483,0
23484,0
23485,1
23486,0
23487,0
23488,0
23489,0
23490,0
23491,0
23492,0
23493,0
23494,1
23495,1
23496,1
23497,0
23498,0
23499,0
23500,1
23501,0
23502,1
23503,0
23504,0
23505,0
23506,0
23507,1
23508,1
23509,1
23510,1
23511,1
23512,1
23513,1
23514,0
23515,0
23516,1
23517,1
23518,1
23519,0
23520,1
23521,1
23522,0
23523,1
23524,0
23525,1
23526,0
23527,0
23528,0
23529,0
23530,0
23531,1
23532,0
23533,0
23534,0
23535,0
23536,1
23537,0
23538,0
23539,1
23540,1
23541,1
23542,0
23543,0
23544,1
23545,1
23546,0
23547,0
23548,1
23549,0
23550,0
23551,0
23552,0
23553,0
23554,0
23555,1
23556,1
23557,1
23558,0
23559,0
23560,0
23561,0
23562,1
23563,1
23564,0
23565,1
23566,1
23567,1
23568,1
23569,0
23570,0
23571,1
23572,1
23573,0
23574,1
23575,1
23576,0
23577,1
23578,0
23579,0
23580,1
23581,0
23582,0
23583,0
23584,0
23585,1
23586,1
23587,0
23588,1
23589,1
23590,1
23591,0
23592,1
23593,1
23594,0
23595,1
23596,0
23597,0
23598,1
23599,0
23600,1
23601,1
23602,1
23603,1
23604,1
23605,1
23606,0
23607,1
23608,1
23609,0
23610,0
23611,1
23612,0
23613,1
23614,0
23615,0
23616,0
23617,0
23618,1
23619,0
23620,0
23621,1
23622,0
23623,0
23624,0
23625,1
23626,0
23627,1
23628,1
23629,1
23630,1
23631,0
23632,0
23633,1
23634,1
23635,0
23636,1
23637,1
23638,0
23639,1
23640,0
23641,0
23642,0
23643,1
23644,1
23645,0
23646,0
23647,0
23648,1
23649,1
23650,0
23651,1
23652,0
23653,0
23654,1
23655,1
23656,0
23657,1
23658,0
23659,0
23660,0
23661,1
23662,0
23663,1
23664,0
23665,0
23666,1
23667,1
23668,1
23669,0
23670,1
23671,1
23672,1
23673,1
23674,1
23675,0
23676,1
23677,0
23678,1
23679,1
23680,0
23681,0
23682,1
23683,0
23684,1
23685,0
23686,0
23687,1
23688,0
23689,1
23690,0
23691,0
23692,1
23693,0
23694,1
23695,0
23696,0
23697,0
23698,1
23699,1
23700,1
23701,1
23702,0
23703,1
23704,1
23705,1
23706,0
23707,1
23708,0
23709,1
23710,0
23711,1
23712,1
23713,1
23714,1
23715,1
23716,0
23717,1
23718,0
23719,0
23720,1
23721,1
23722,0
23723,1
23724,0
23725,1
23726,0
23727,0
23728,1
23729,1
23730,1
23731,0
23732,0
23733,1
23734,1
23735,1
23736,0
23737,1
23738,1
23739,1
23740,1
23741,1
23742,1
23743,1
23744,1
23745,0
23746,0
23747,1
23748,0
23749,1
23750,0
23751,0
23752,0
23753,1
23754,1
23755,1
23756,1
23757,1
23758,0
23759,0
23760,0
23761,0
23762,0
23763,0
23764,0
23765,1
23766,1
23767,1
23768,0
23769,0
23770,0
23771,0
23772,0
23773,1
23774,0
23775,1
23776,0
23777,1
23778,0
23779,1
23780,1
23781,1
23782,0
23783,0
23784,1
23785,1
23786,1
23787,0
23788,0
23789,0
23790,0
23791,0
23792,1
23793,1
23794,1
23795,0
23796,0
23797,1
23798,1
23799,1
23800,1
23801,1
23802,1
23803,0
23804,0
23805,0
23806,1
23807,1
23808,0
23809,0
23810,1
23811,0
23812,1
23813,1
23814,0
23815,1
23816,0
23817,0
23818,1
23819,1
23820,1
23821,0
23822,0
23823,0
23824,0
23825,1
23826,0
23827,1
23828,1
23829,0
23830,0
23831,0
23832,1
23833,1
23834,1
23835,1
23836,0
23837,1
23838,0
23839,0
23840,0
23841,0
23842,0
23843,0
23844,0
23845,1
23846,0
23847,1
23848,0
23849,1
23850,1
23851,1
23852,1
23853,1
23854,0
23855,0
23856,1
23857,1
23858,1
23859,0
23860,1
23861,0
23862,0
23863,1
23864,1
23865,0
23866,1
23867,0
23868,1
23869,0
23870,0
23871,0
23872,0
23873,0
23874,0
23875,0
23876,0
23877,0
23878,0
23879,0
23880,0
23881,1
23882,1
23883,0
23884,0
23885,0
23886,1
23887,1
23888,0
23889,1
23890,1
23891,0
23892,0
23893,0
23894,1
23895,1
23896,1
23897,1
23898,0
23899,1
23900,1
23901,0
23902,0
23903,0
23904,1
23905,0
23906,0
23907,1
23908,1
23909,0
23910,1
23911,1
23912,1
23913,0
23914,0
23915,1
23916,1
23917,0
23918,0
23919,1
23920,0
23921,0
23922,0
23923,0
23924,0
23925,0
23926,1
23927,0
23928,0
23929,1
23930,0
23931,0
23932,0
23933,1
23934,1
23935,1
23936,0
23937,0
23938,0
23939,0
23940,0
23941,1
23942,1
23943,0
23944,1
23945,0
23946,1
23947,0
23948,1
23949,1
23950,1
23951,0
23952,1
23953,1
23954,1
23955,0
23956,0
23957,1
23958,0
23959,1
23960,0
23961,0
23962,0
23963,0
23964,1
23965,0
23966,0
23967,1
23968,0
23969,0
23970,0
23971,1
23972,1
23973,1
23974,1
23975,0
23976,0
23977,1
23978,0
23979,0
23980,1
23981,1
23982,1
23983,1
23984,0
23985,0
23986,0
23987,0
23988,0
23989,1
23990,0
23991,1
23992,1
23993,1
23994,0
23995,0
23996,0
23997,1
23998,1
23999,0
24000,1
24001,1
24002,0
24003,1
24004,0
24005,1
24006,1
24007,0
24008,0
24009,1
24010,0
24011,0
24012,1
24013,0
24014,0
24015,0
24016,1
24017,1
24018,0
24019,0
24020,1
24021,0
24022,0
24023,1
24024,1
24025,0
24026,1
24027,0
24028,1
24029,1
24030,1
24031,1
24032,0
24033,1
24034,1
24035,1
24036,0
24037,1
24038,0
24039,0
24040,1
24041,0
24042,1
24043,1
24044,0
24045,0
24046,0
24047,0
24048,1
24049,0
24050,1
24051,1
24052,0
24053,0
24054,0
24055,0
24056,1
24057,0
24058,1
24059,0
24060,1
24061,1
24062,1
24063,0
24064,1
24065,0
24066,0
24067,0
24068,0
24069,1
24070,1
24071,0
24072,1
24073,0
24074,1
24075,0
24076,1
24077,0
24078,0
24079,0
24080,0
24081,1
24082,1
24083,1
24084,0
24085,1
24086,1
24087,0
24088,1
24089,0
24090,0
24091,0
24092,0
24093,0
24094,1
24095,0
24096,0
24097,0
24098,0
24099,1
24100,1
24101,0
24102,0
24103,0
24104,1
24105,1
24106,0
24107,0
24108,1
24109,0
24110,0
24111,0
24112,0
24113,0
24114,0
24115,0
24116,1
24117,1
24118,1
24119,1
24120,0
24121,1
24122,1
24123,0
24124,0
24125,1
24126,1
24127,1
24128,0
24129,1
24130,0
24131,1
24132,0
24133,1
24134,0
24135,1
24136,1
24137,0
24138,1
24139,0
24140,1
24141,1
24142,0
24143,0
24144,0
24145,1
24146,1
24147,0
24148,1
24149,0
24150,0
24151,0
24152,0
24153,0
24154,0
24155,1
24156,1
24157,1
24158,1
24159,0
24160,0
24161,0
24162,1
24163,0
24164,0
24165,1
24166,0
24167,1
24168,0
24169,0
24170,0
24171,0
24172,1
24173,0
24174,1
24175,1
24176,0
24177,0
24178,1
24179,1
24180,1
24181,0
24182,1
24183,1
24184,0
24185,1
24186,1
24187,0
24188,0
24189,0
24190,0
24191,1
24192,1
24193,0
24194,0
24195,0
24196,0
24197,0
24198,1
24199,0
24200,1
24201,0
24202,1
24203,0
24204,0
24205,1
24206,1
24207,1
24208,0
24209,1
24210,0
24211,0
24212,1
24213,1
24214,0
24215,1
24216,1
24217,0
24218,1
24219,1
24220,0
24221,0
24222,0
24223,1
24224,0
24225,0
24226,1
24227,0
24228,1
24229,1
24230,0
24231,1
24232,0
24233,0
24234,1
24235,0
24236,1
24237,0
24238,0
24239,1
24240,1
24241,0
24242,1
24243,0
24244,0
24245,1
24246,0
24247,1
24248,1
24249,0
24250,1
24251,1
24252,0
24253,0
24254,1
24255,0
24256,1
24257,0
24258,0
24259,1
24260,1
24261,1
24262,0
24263,0
24264,1
24265,0
24266,1
24267,1
24268,0
24269,0
24270,1
24271,0
24272,1
24273,0
24274,0
24275,1
24276,1
24277,1
24278,0
24279,0
24280,1
24281,0
24282,0
24283,1
24284,0
24285,1
24286,1
24287,0
24288,1
24289,1
24290,0
24291,1
24292,0
24293,0
24294,1
24295,0
24296,1
24297,1
24298,1
24299,1
24300,0
24301,0
24302,0
24303,0
24304,0
24305,0
24306,0
24307,0
24308,0
24309,1
24310,0
24311,0
24312,1
24313,0
24314,1
24315,1
24316,0
24317,0
24318,0
24319,1
24320,1
24321,0
24322,1
24323,1
24324,0
24325,0
24326,0
24327,1
24328,0
24329,1
24330,0
24331,0
24332,0
24333,0
24334,1
24335,0
24336,0
24337,1
24338,0
24339,1
24340,1
24341,1
24342,1
24343,1
24344,0
24345,1
24346,1
24347,1
24348,1
24349,1
24350,0
24351,0
24352,1
24353,0
24354,1
24355,1
24356,1
24357,0
24358,1
24359,1
24360,0
24361,1
24362,0
24363,1
24364,1
24365,0
24366,1
24367,0
24368,0
24369,0
24370,1
24371,1
24372,0
24373,0
24374,1
24375,1
24376,0
24377,1
24378,0
24379,0
24380,0
24381,0
24382,0
24383,1
24384,0
24385,0
24386,0
24387,1
24388,0
24389,1
24390,0
24391,1
24392,0
24393,0
24394,1
24395,0
24396,0
24397,1
24398,0
24399,0
24400,1
24401,0
24402,0
24403,0
24404,0
24405,0
24406,0
24407,0
24408,1
24409,1
24410,1
24411,0
24412,1
24413,1
24414,0
24415,0
24416,0
24417,0
24418,0
24419,1
24420,0
24421,0
24422,1
24423,0
24424,1
24425,1
24426,0
24427,1
24428,0
24429,0
24430,0
24431,0
24432,0
24433,1
24434,1
24435,1
24436,0
24437,1
24438,1
24439,0
24440,1
24441,0
24442,1
24443,0
24444,1
24445,0
24446,0
24447,0
24448,1
24449,1
24450,1
24451,0
24452,0
24453,1
24454,0
24455,0
24456,1
24457,0
24458,1
24459,0
24460,0
24461,1
24462,0
24463,1
24464,1
24465,0
24466,1
24467,1
24468,0
24469,1
24470,1
24471,0
24472,1
24473,0
24474,0
24475,0
24476,0
24477,0
24478,0
24479,0
24480,0
24481,1
24482,0
24483,0
24484,0
24485,1
24486,0
24487,1
24488,0
24489,0
24490,0
24491,1
24492,1
24493,1
24494,0
24495,0
24496,1
24497,0
24498,1
24499,0
24500,0
24501,1
24502,1
24503,0
24504,0
24505,0
24506,1
24507,1
24508,0
24509,1
24510,1
24511,0
24512,1
24513,0
24514,1
24515,0
24516,0
24517,1
24518,1
24519,1
24520,0
24521,1
24522,0
24523,0
24524,0
24525,0
24526,0
24527,1
24528,1
24529,1
24530,1
24531,0
24532,0
24533,0
24534,0
24535,0
24536,1
24537,1
24538,1
24539,0
24540,0
24541,0
24542,1
24543,0
24544,1
24545,0
24546,0
24547,0
24548,0
24549,1
24550,1
24551,0
24552,0
24553,1
24554,0
24555,0
24556,1
24557,0
24558,1
24559,0
24560,1
24561,0
24562,0
24563,1
24564,0
24565,1
24566,0
24567,0
24568,1
24569,0
24570,0
24571,1
24572,0
24573,0
24574,1
24575,0
24576,1
24577,0
24578,0
24579,1
24580,1
24581,1
24582,1
24583,1
24584,1
24585,1
24586,0
24587,1
24588,1
24589,0
24590,0
24591,1
24592,1
24593,1
24594,0
24595,1
24596,0
24597,1
24598,0
24599,1
24600,1
24601,1
24602,1
24603,1
24604,1
24605,0
24606,0
24607,1
24608,0
24609,1
24610,0
24611,0
24612,1
24613,0
24614,1
24615,0
24616,0
24617,1
24618,0
24619,1
24620,1
24621,1
24622,0
24623,0
24624,0
24625,0
24626,1
24627,1
24628,1
24629,1
24630,0
24631,1
24632,1
24633,0
24634,0
24635,0
24636,0
24637,0
24638,0
24639,1
24640,0
24641,0
24642,1
24643,1
24644,1
24645,1
24646,1
24647,1
24648,0
24649,1
24650,0
24651,0
24652,1
24653,0
24654,0
24655,1
24656,0
24657,0
24658,1
24659,1
24660,1
24661,1
24662,0
24663,1
24664,1
24665,0
24666,1
24667,0
24668,1
24669,0
24670,1
24671,1
24672,0
24673,0
24674,1
24675,0
24676,0
24677,1
24678,1
24679,1
24680,1
24681,1
24682,1
24683,1
24684,1
24685,1
24686,1
24687,0
24688,0
24689,0
24690,1
24691,1
24692,0
24693,0
24694,1
24695,1
24696,0
24697,0
24698,1
24699,1
24700,0
24701,1
24702,1
24703,1
24704,0
24705,0
24706,1
24707,1
24708,0
24709,1
24710,0
24711,1
24712,0
24713,0
24714,0
24715,1
24716,1
24717,1
24718,1
24719,0
24720,1
24721,0
24722,1
24723,1
24724,1
24725,0
24726,1
24727,1
24728,0
24729,0
24730,0
24731,0
24732,1
24733,0
24734,1
24735,1
24736,0
24737,1
24738,1
24739,1
24740,0
24741,0
24742,0
24743,0
24744,1
24745,0
24746,1
24747,0
24748,0
24749,0
24750,1
24751,0
24752,0
24753,0
24754,1
24755,0
24756,1
24757,1
24758,1
24759,0
24760,0
24761,1
24762,0
24763,0
24764,0
24765,1
24766,0
24767,1
24768,1
24769,1
24770,0
24771,0
24772,1
24773,0
24774,1
24775,1
24776,1
24777,1
24778,0
24779,1
24780,0
24781,0
24782,1
24783,0
24784,0
24785,1
24786,1
24787,0
24788,1
24789,1
24790,1
24791,0
24792,0
24793,1
24794,1
24795,1
24796,1
24797,1
24798,0
24799,1
24800,0
24801,0
24802,1
24803,1
24804,1
24805,1
24806,1
24807,0
24808,0
24809,1
24810,1
24811,0
24812,1
24813,0
24814,0
24815,0
24816,0
24817,0
24818,1
24819,0
24820,0
24821,1
24822,0
24823,0
24824,0
24825,1
24826,1
24827,0
24828,0
24829,0
24830,1
24831,1
24832,0
24833,0
24834,0
24835,1
24836,1
24837,0
24838,0
24839,1
24840,0
24841,0
24842,1
24843,0
24844,1
24845,1
24846,0
24847,0
24848,0
24849,0
24850,0
24851,0
24852,1
24853,0
24854,0
24855,0
24856,0
24857,0
24858,1
24859,1
24860,1
24861,0
24862,1
24863,0
24864,1
24865,0
24866,0
24867,0
24868,1
24869,1
24870,0
24871,1
24872,0
24873,0
24874,0
24875,1
24876,1
24877,0
24878,0
24879,1
24880,0
24881,1
24882,0
24883,1
24884,0
24885,0
24886,0
24887,1
24888,1
24889,1
24890,0
24891,1
24892,1
24893,1
24894,0
24895,0
24896,0
24897,0
24898,1
24899,0
24900,0
24901,1
24902,1
24903,1
24904,1
24905,1
24906,1
24907,0
24908,0
24909,1
24910,0
24911,1
24912,0
24913,1
24914,0
24915,1
24916,1
24917,1
24918,0
24919,1
24920,1
24921,0
24922,0
24923,1
24924,1
24925,0
24926,0
24927,0
24928,1
24929,0
24930,0
24931,0
24932,0
24933,1
24934,0
24935,1
24936,0
24937,0
24938,1
24939,0
24940,1
24941,1
24942,1
24943,1
24944,0
24945,0
24946,1
24947,1
24948,1
24949,1
24950,0
24951,0
24952,0
24953,0
24954,1
24955,0
24956,0
24957,0
24958,0
24959,1
24960,1
24961,0
24962,1
24963,0
24964,0
24965,0
24966,1
24967,1
24968,1
24969,0
24970,0
24971,0
24972,1
24973,0
24974,1
24975,1
24976,1
24977,0
24978,1
24979,0
24980,1
24981,0
24982,1
24983,1
24984,1
24985,0
24986,1
24987,0
24988,0
24989,1
24990,1
24991,1
24992,0
24993,0
24994,1
24995,0
24996,0
24997,0
24998,0
24999,0
25000,0
25001,0
25002,0
25003,1
25004,0
25005,1
25006,1
25007,1
25008,1
25009,0
25010,1
25011,1
25012,0
25013,1
25014,0
25015,1
25016,1
25017,0
25018,1
25019,0
25020,0
25021,1
25022,1
25023,0
25024,0
25025,1
25026,0
25027,1
25028,1
25029,1
25030,0
25031,1
25032,1
25033,1
25034,1
25035,1
25036,1
25037,1
25038,0
25039,1
25040,0
25041,1
25042,1
25043,1
25044,1
25045,0
25046,1
25047,0
25048,1
25049,0
25050,1
25051,1
25052,0
25053,1
25054,0
25055,0
25056,1
25057,1
25058,1
25059,1
25060,0
25061,0
25062,0
25063,1
25064,1
25065,1
25066,0
25067,0
25068,0
25069,0
25070,1
25071,0
25072,1
25073,1
25074,0
25075,1
25076,1
25077,1
25078,0
25079,0
25080,0
25081,0
25082,0
25083,1
25084,1
25085,1
25086,1
25087,1
25088,1
25089,1
25090,1
25091,1
25092,0
25093,1
25094,1
25095,1
25096,1
25097,1
25098,1
25099,0
25100,1
25101,1
25102,1
25103,1
25104,0
25105,0
25106,0
25107,1
25108,0
25109,0
25110,1
25111,0
25112,0
25113,1
25114,1
25115,0
25116,0
25117,0
25118,1
25119,0
25120,1
25121,1
25122,1
25123,0
25124,0
25125,0
25126,0
25127,0
25128,1
25129,0
25130,1
25131,1
25132,0
25133,1
25134,1
25135,0
25136,1
25137,0
25138,0
25139,1
25140,0
25141,1
25142,1
25143,1
25144,1
25145,0
25146,0
25147,1
25148,1
25149,0
25150,0
25151,0
25152,0
25153,0
25154,0
25155,0
25156,0
25157,1
25158,1
25159,1
25160,1
25161,0
25162,0
25163,0
25164,1
25165,0
25166,0
25167,0
25168,0
25169,0
25170,1
25171,0
25172,0
25173,1
25174,0
25175,0
25176,0
25177,1
25178,1
25179,1
25180,0
25181,1
25182,0
25183,0
25184,0
25185,0
25186,0
25187,0
25188,1
25189,0
25190,1
25191,1
25192,0
25193,0
25194,1
25195,0
25196,1
25197,1
25198,0
25199,1
25200,1
25201,0
25202,1
25203,1
25204,0
25205,0
25206,0
25207,1
25208,1
25209,0
25210,0
25211,1
25212,1
25213,0
25214,1
25215,1
25216,0
25217,1
25218,0
25219,1
25220,0
25221,0
25222,1
25223,0
25224,0
25225,1
25226,0
25227,1
25228,1
25229,0
25230,1
25231,1
25232,0
25233,1
25234,1
25235,0
25236,1
25237,0
25238,1
25239,0
25240,1
25241,1
25242,1
25243,1
25244,0
25245,1
25246,1
25247,0
25248,1
25249,1
25250,0
25251,0
25252,1
25253,1
25254,1
25255,1
25256,1
25257,1
25258,1
25259,1
25260,1
25261,0
25262,0
25263,1
25264,1
25265,1
25266,1
25267,0
25268,0
25269,1
25270,1
25271,0
25272,1
25273,0
25274,1
25275,1
25276,1
25277,0
25278,1
25279,1
25280,0
25281,1
25282,1
25283,0
25284,0
25285,0
25286,0
25287,0
25288,0
25289,0
25290,1
25291,1
25292,0
25293,0
25294,1
25295,0
25296,1
25297,1
25298,1
25299,1
25300,1
25301,0
25302,1
25303,1
25304,0
25305,0
25306,1
25307,0
25308,1
25309,0
25310,1
25311,1
25312,1
25313,1
25314,0
25315,1
25316,0
25317,0
25318,0
25319,1
25320,0
25321,1
25322,0
25323,1
25324,0
25325,0
25326,0
25327,1
25328,1
25329,0
25330,0
25331,0
25332,0
25333,1
25334,1
25335,1
25336,0
25337,1
25338,1
25339,1
25340,1
25341,0
25342,0
25343,1
25344,0
25345,1
25346,1
25347,0
25348,0
25349,1
25350,1
25351,0
25352,0
25353,0
25354,0
25355,0
25356,1
25357,1
25358,1
25359,1
25360,0
25361,0
25362,0
25363,1
25364,0
25365,1
25366,0
25367,0
25368,1
25369,1
25370,1
25371,0
25372,1
25373,0
25374,0
25375,0
25376,0
25377,0
25378,1
25379,1
25380,0
25381,1
25382,1
25383,0
25384,1
25385,1
25386,0
25387,1
25388,1
25389,1
25390,1
25391,0
25392,1
25393,1
25394,1
25395,0
25396,0
25397,0
25398,0
25399,1
25400,1
25401,0
25402,1
25403,0
25404,0
25405,1
25406,0
25407,0
25408,0
25409,1
25410,0
25411,1
25412,1
25413,0
25414,1
25415,0
25416,0
25417,0
25418,0
25419,1
25420,1
25421,0
25422,1
25423,1
25424,1
25425,1
25426,0
25427,0
25428,0
25429,0
25430,0
25431,1
25432,0
25433,0
25434,0
25435,1
25436,1
25437,1
25438,1
25439,0
25440,1
25441,1
25442,0
25443,1
25444,0
25445,1
25446,1
25447,1
25448,0
25449,0
25450,0
25451,1
25452,1
25453,0
25454,0
25455,1
25456,0
25457,1
25458,1
25459,0
25460,1
25461,1
25462,1
25463,0
25464,1
25465,1
25466,0
25467,1
25468,0
25469,0
25470,0
25471,0
25472,0
25473,1
25474,0
25475,0
25476,0
25477,1
25478,0
25479,0
25480,0
25481,0
25482,1
25483,0
25484,0
25485,0
25486,1
25487,0
25488,0
25489,1
25490,0
25491,1
25492,0
25493,0
25494,1
25495,0
25496,1
25497,1
25498,1
25499,0
25500,1
25501,1
25502,1
25503,0
25504,1
25505,0
25506,1
25507,1
25508,0
25509,0
25510,1
25511,1
25512,0
25513,0
25514,0
25515,0
25516,1
25517,0
25518,1
25519,0
25520,1
25521,0
25522,0
25523,0
25524,1
25525,0
25526,1
25527,0
25528,1
25529,0
25530,0
25531,0
25532,0
25533,1
25534,1
25535,1
25536,0
25537,0
25538,0
25539,1
25540,0
25541,1
25542,0
25543,1
25544,1
25545,0
25546,0
25547,1
25548,1
25549,1
25550,0
25551,1
25552,1
25553,1
25554,1
25555,0
25556,1
25557,1
25558,1
25559,1
25560,0
25561,0
25562,1
25563,0
25564,0
25565,0
25566,0
25567,0
25568,0
25569,1
25570,1
25571,0
25572,1
25573,1
25574,0
25575,1
25576,0
25577,0
25578,0
25579,1
25580,1
25581,1
25582,1
25583,1
25584,1
25585,0
25586,1
25587,0
25588,0
25589,1
25590,1
25591,0
25592,1
25593,1
25594,0
25595,0
25596,1
25597,1
25598,0
25599,0
25600,0
25601,1
25602,0
25603,0
25604,0
25605,1
25606,1
25607,1
25608,1
25609,0
25610,1
25611,1
25612,0
25613,0
25614,1
25615,0
25616,1
25617,1
25618,0
25619,1
25620,1
25621,1
25622,0
25623,0
25624,0
25625,1
25626,1
25627,0
25628,0
25629,0
25630,0
25631,0
25632,0
25633,0
25634,1
25635,0
25636,0
25637,1
25638,0
25639,1
25640,1
25641,0
25642,1
25643,0
25644,0
25645,1
25646,0
25647,0
25648,1
25649,1
25650,0
25651,0
25652,1
25653,1
25654,0
25655,0
25656,0
25657,1
25658,1
25659,0
25660,1
25661,0
25662,0
25663,0
25664,0
25665,1
25666,1
25667,1
25668,1
25669,1
25670,1
25671,1
25672,0
25673,1
25674,1
25675,0
25676,1
25677,1
25678,1
25679,1
25680,0
25681,1
25682,1
25683,1
25684,1
25685,1
25686,0
25687,0
25688,0
25689,0
25690,1
25691,1
25692,1
25693,1
25694,1
25695,1
25696,1
25697,0
25698,0
25699,0
25700,1
25701,0
25702,0
25703,1
25704,1
25705,0
25706,1
25707,0
25708,0
25709,1
25710,1
25711,1
25712,0
25713,1
25714,0
25715,0
25716,1
25717,1
25718,1
25719,0
25720,1
25721,1
25722,0
25723,1
25724,0
25725,1
25726,0
25727,0
25728,0
25729,1
25730,0
25731,0
25732,1
25733,0
25734,0
25735,1
25736,0
25737,1
25738,0
25739,1
25740,1
25741,1
25742,1
25743,0
25744,1
25745,0
25746,0
25747,1
25748,0
25749,0
25750,0
25751,0
25752,1
25753,0
25754,1
25755,1
25756,1
25757,0
25758,1
25759,1
25760,0
25761,0
25762,0
25763,1
25764,0
25765,1
25766,1
25767,1
25768,1
25769,1
25770,0
25771,1
25772,1
25773,0
25774,1
25775,1
25776,0
25777,0
25778,1
25779,1
25780,0
25781,0
25782,1
25783,1
25784,0
25785,0
25786,1
25787,1
25788,0
25789,1
25790,0
25791,0
25792,1
25793,1
25794,1
25795,0
25796,0
25797,1
25798,0
25799,1
25800,1
25801,0
25802,0
25803,1
25804,1
25805,1
25806,0
25807,0
25808,0
25809,1
25810,0
25811,1
25812,0
25813,1
25814,1
25815,1
25816,0
25817,0
25818,1
25819,1
25820,1
25821,0
25822,1
25823,1
25824,0
25825,0
25826,1
25827,1
25828,1
25829,0
25830,1
25831,1
25832,0
25833,0
25834,1
25835,0
25836,0
25837,1
25838,1
25839,0
25840,1
25841,0
25842,1
25843,1
25844,1
25845,0
25846,1
25847,1
25848,1
25849,0
25850,1
25851,1
25852,1
25853,0
25854,1
25855,0
25856,1
25857,1
25858,1
25859,0
25860,0
25861,0
25862,1
25863,1
25864,1
25865,1
25866,1
25867,1
25868,1
25869,0
25870,1
25871,0
25872,0
25873,0
25874,1
25875,1
25876,0
25877,0
25878,0
25879,0
25880,0
25881,1
25882,1
25883,0
25884,0
25885,0
25886,0
25887,1
25888,0
25889,0
25890,0
25891,1
25892,1
25893,0
25894,1
25895,0
25896,0
25897,0
25898,1
25899,0
25900,1
25901,0
25902,1
25903,0
25904,1
25905,1
25906,1
25907,0
25908,0
25909,0
25910,1
25911,0
25912,1
25913,1
25914,1
25915,1
25916,1
25917,1
25918,1
25919,1
25920,0
25921,1
25922,1
25923,1
25924,1
25925,0
25926,1
25927,1
25928,0
25929,0
25930,0
25931,0
25932,0
25933,1
25934,1
25935,0
25936,0
25937,0
25938,1
25939,1
25940,0
25941,0
25942,1
25943,1
25944,0
25945,1
25946,1
25947,1
25948,1
25949,1
25950,1
25951,1
25952,0
25953,1
25954,0
25955,0
25956,0
25957,0
25958,1
25959,1
25960,0
25961,1
25962,1
25963,0
25964,1
25965,1
25966,0
25967,1
25968,0
25969,1
25970,0
25971,1
25972,0
25973,0
25974,1
25975,1
25976,1
25977,1
25978,0
25979,0
25980,1
25981,1
25982,1
25983,0
25984,1
25985,1
25986,0
25987,0
25988,1
25989,1
25990,1
25991,1
25992,1
25993,1
25994,1
25995,1
25996,1
25997,0
25998,1
25999,0
26000,1
26001,1
26002,1
26003,0
26004,1
26005,0
26006,1
26007,1
26008,1
26009,1
26010,0
26011,1
26012,0
26013,1
26014,0
26015,1
26016,1
26017,0
26018,1
26019,1
26020,1
26021,0
26022,1
26023,0
26024,0
26025,0
26026,0
26027,0
26028,1
26029,1
26030,0
26031,0
26032,0
26033,0
26034,1
26035,0
26036,0
26037,0
26038,0
26039,0
26040,1
26041,0
26042,0
26043,1
26044,0
26045,0
26046,0
26047,1
26048,1
26049,0
26050,0
26051,0
26052,0
26053,0
26054,1
26055,0
26056,1
26057,0
26058,1
26059,1
26060,0
26061,1
26062,1
26063,1
26064,0
26065,0
26066,1
26067,0
26068,1
26069,1
26070,1
26071,1
26072,1
26073,0
26074,1
26075,0
26076,1
26077,0
26078,1
26079,0
26080,1
26081,1
26082,0
26083,1
26084,0
26085,1
26086,1
26087,1
26088,1
26089,0
26090,1
26091,1
26092,1
26093,1
26094,1
26095,0
26096,0
26097,1
26098,0
26099,1
26100,1
26101,0
26102,1
26103,0
26104,1
26105,1
26106,0
26107,0
26108,1
26109,1
26110,1
26111,0
26112,0
26113,0
26114,0
26115,0
26116,0
26117,0
26118,0
26119,0
26120,1
26121,0
26122,0
26123,1
26124,1
26125,0
26126,1
26127,1
26128,0
26129,1
26130,1
26131,0
26132,0
26133,1
26134,0
26135,0
26136,0
26137,1
26138,0
26139,1
26140,0
26141,1
26142,0
26143,1
26144,1
26145,0
26146,0
26147,0
26148,1
26149,0
26150,0
26151,0
26152,0
26153,0
26154,1
26155,0
26156,1
26157,0
26158,1
26159,1
26160,1
26161,0
26162,0
26163,1
26164,0
26165,1
26166,1
26167,0
26168,0
26169,0
26170,0
26171,0
26172,0
26173,1
26174,0
26175,0
26176,1
26177,1
26178,1
26179,1
26180,0
26181,1
26182,1
26183,1
26184,1
26185,1
26186,1
26187,0
26188,1
26189,0
26190,0
26191,0
26192,0
26193,1
26194,1
26195,1
26196,1
26197,1
26198,1
26199,1
26200,0
26201,0
26202,1
26203,0
26204,0
26205,0
26206,1
26207,0
26208,0
26209,0
26210,1
26211,0
26212,1
26213,0
26214,0
26215,0
26216,0
26217,0
26218,0
26219,1
26220,0
26221,0
26222,1
26223,1
26224,1
26225,1
26226,1
26227,0
26228,0
26229,1
26230,0
26231,0
26232,1
26233,1
26234,1
26235,0
26236,0
26237,1
26238,1
26239,0
26240,0
26241,1
26242,0
26243,0
26244,0
26245,1
26246,0
26247,1
26248,1
26249,1
26250,1
26251,0
26252,0
26253,1
26254,1
26255,0
26256,1
26257,1
26258,1
26259,1
26260,0
26261,0
26262,1
26263,1
26264,1
26265,1
26266,1
26267,1
26268,1
26269,0
26270,1
26271,1
26272,1
26273,1
26274,1
26275,0
26276,1
26277,1
26278,1
26279,1
26280,0
26281,1
26282,1
26283,1
26284,1
26285,1
26286,0
26287,0
26288,0
26289,1
26290,0
26291,1
26292,0
26293,1
26294,1
26295,1
26296,0
26297,0
26298,1
26299,0
26300,0
26301,1
26302,0
26303,0
26304,0
26305,1
26306,1
26307,1
26308,0
26309,1
26310,0
26311,1
26312,0
26313,1
26314,0
26315,1
26316,0
26317,1
26318,1
26319,0
26320,0
26321,0
26322,0
26323,1
26324,0
26325,0
26326,1
26327,1
26328,0
26329,0
26330,0
26331,1
26332,1
26333,1
26334,0
26335,1
26336,0
26337,0
26338,0
26339,0
26340,1
26341,0
26342,0
26343,0
26344,0
26345,0
26346,0
26347,0
26348,0
26349,0
26350,1
26351,0
26352,0
26353,1
26354,1
26355,1
26356,1
26357,0
26358,0
26359,0
26360,1
26361,0
26362,0
26363,0
26364,0
26365,1
26366,1
26367,0
26368,1
26369,0
26370,0
26371,1
26372,0
26373,0
26374,0
26375,1
26376,0
26377,0
26378,1
26379,1
26380,0
26381,1
26382,0
26383,0
26384,1
26385,1
26386,0
26387,0
26388,1
26389,0
26390,0
26391,1
26392,1
26393,1
26394,0
26395,0
26396,1
26397,1
26398,0
26399,1
26400,0
26401,0
26402,0
26403,1
26404,0
26405,1
26406,0
26407,0
26408,0
26409,0
26410,0
26411,1
26412,1
26413,1
26414,1
26415,1
26416,0
26417,0
26418,1
26419,0
26420,0
26421,0
26422,1
26423,0
26424,1
26425,0
26426,1
26427,1
26428,0
26429,1
26430,1
26431,1
26432,1
26433,0
26434,1
26435,0
26436,0
26437,1
26438,1
26439,0
26440,1
26441,0
26442,1
26443,0
26444,0
26445,1
26446,1
26447,1
26448,1
26449,0
26450,0
26451,1
26452,1
26453,1
26454,0
26455,1
26456,0
26457,1
26458,0
26459,0
26460,0
26461,1
26462,1
26463,1
26464,0
26465,0
26466,1
26467,0
26468,0
26469,0
26470,0
26471,1
26472,0
26473,1
26474,1
26475,1
26476,1
26477,0
26478,0
26479,1
26480,0
26481,0
26482,0
26483,0
26484,1
26485,1
26486,0
26487,1
26488,0
26489,0
26490,1
26491,1
26492,0
26493,1
26494,1
26495,0
26496,0
26497,0
26498,0
26499,0
26500,1
26501,1
26502,1
26503,0
26504,0
26505,0
26506,0
26507,0
26508,0
26509,1
26510,0
26511,1
26512,0
26513,1
26514,0
26515,0
26516,0
26517,1
26518,0
26519,1
26520,1
26521,0
26522,1
26523,1
26524,0
26525,0
26526,1
26527,1
26528,0
26529,1
26530,1
26531,0
26532,0
26533,1
26534,0
26535,1
26536,0
26537,0
26538,0
26539,0
26540,0
26541,1
26542,0
26543,0
26544,0
26545,0
26546,1
26547,1
26548,1
26549,0
26550,1
26551,1
26552,0
26553,0
26554,1
26555,0
26556,1
26557,1
26558,1
26559,0
26560,1
26561,1
26562,1
26563,0
26564,1
26565,1
26566,0
26567,0
26568,0
26569,1
26570,0
26571,1
26572,0
26573,1
26574,0
26575,1
26576,0
26577,0
26578,1
26579,1
26580,0
26581,0
26582,0
26583,0
26584,0
26585,1
26586,1
26587,1
26588,0
26589,1
26590,0
26591,1
26592,1
26593,1
26594,0
26595,0
26596,1
26597,1
26598,0
26599,0
26600,1
26601,0
26602,1
26603,0
26604,1
26605,1
26606,0
26607,0
26608,1
26609,1
26610,0
26611,0
26612,1
26613,1
26614,0
26615,1
26616,0
26617,0
26618,0
26619,0
26620,0
26621,1
26622,1
26623,0
26624,1
26625,1
26626,0
26627,1
26628,1
26629,1
26630,1
26631,1
26632,0
26633,0
26634,1
26635,1
26636,1
26637,1
26638,0
26639,0
26640,0
26641,0
26642,0
26643,0
26644,1
26645,0
26646,0
26647,1
26648,0
26649,1
26650,1
26651,1
26652,0
26653,0
26654,0
26655,0
26656,0
26657,0
26658,1
26659,1
26660,0
26661,0
26662,1
26663,0
26664,1
26665,0
26666,1
26667,1
26668,1
26669,0
26670,0
26671,0
26672,1
26673,1
26674,1
26675,1
26676,1
26677,0
26678,0
26679,1
26680,1
26681,1
26682,1
26683,1
26684,1
26685,0
26686,1
26687,0
26688,1
26689,0
26690,0
26691,0
26692,0
26693,1
26694,0
26695,0
26696,0
26697,1
26698,1
26699,0
26700,1
26701,1
26702,1
26703,0
26704,0
26705,0
26706,1
26707,1
26708,1
26709,0
26710,1
26711,0
26712,0
26713,0
26714,0
26715,0
26716,1
26717,0
26718,1
26719,1
26720,1
26721,0
26722,1
26723,0
26724,0
26725,1
26726,1
26727,1
26728,0
26729,1
26730,0
26731,0
26732,0
26733,0
26734,1
26735,0
26736,1
26737,1
26738,0
26739,0
26740,0
26741,1
26742,1
26743,0
26744,1
26745,0
26746,1
26747,1
26748,0
26749,0
26750,1
26751,1
26752,0
26753,1
26754,1
26755,0
26756,1
26757,0
26758,0
26759,1
26760,1
26761,1
26762,0
26763,1
26764,0
26765,0
26766,1
26767,0
26768,0
26769,1
26770,0
26771,1
26772,0
26773,1
26774,1
26775,1
26776,0
26777,0
26778,1
26779,0
26780,1
26781,1
26782,0
26783,0
26784,1
26785,0
26786,0
26787,1
26788,1
26789,1
26790,0
26791,0
26792,0
26793,0
26794,0
26795,1
26796,1
26797,0
26798,1
26799,1
26800,0
26801,0
26802,1
26803,1
26804,0
26805,1
26806,1
26807,1
26808,0
26809,0
26810,1
26811,1
26812,1
26813,1
26814,1
26815,1
26816,0
26817,1
26818,1
26819,1
26820,1
26821,1
26822,0
26823,1
26824,1
26825,0
26826,0
26827,1
26828,1
26829,1
26830,1
26831,0
26832,0
26833,0
26834,0
26835,0
26836,0
26837,0
26838,0
26839,1
26840,0
26841,0
26842,1
26843,0
26844,1
26845,1
26846,1
26847,1
26848,0
26849,1
26850,1
26851,0
26852,0
26853,0
26854,1
26855,1
26856,0
26857,1
26858,0
26859,0
26860,1
26861,0
26862,0
26863,1
26864,1
26865,0
26866,1
26867,1
26868,0
26869,1
26870,1
26871,0
26872,1
26873,0
26874,1
26875,1
26876,1
26877,1
26878,1
26879,0
26880,0
26881,1
26882,0
26883,1
26884,1
26885,0
26886,1
26887,1
26888,1
26889,0
26890,0
26891,1
26892,0
26893,0
26894,0
26895,1
26896,1
26897,0
26898,0
26899,1
26900,0
26901,0
26902,0
26903,1
26904,1
26905,0
26906,0
26907,1
26908,0
26909,0
26910,1
26911,0
26912,1
26913,0
26914,0
26915,1
26916,1
26917,0
26918,1
26919,0
26920,1
26921,0
26922,0
26923,1
26924,1
26925,0
26926,1
26927,0
26928,0
26929,0
26930,0
26931,1
26932,0
26933,0
26934,0
26935,0
26936,1
26937,0
26938,0
26939,1
26940,0
26941,1
26942,0
26943,1
26944,1
26945,0
26946,1
26947,0
26948,1
26949,1
26950,0
26951,1
26952,0
26953,0
26954,0
26955,1
26956,0
26957,1
26958,1
26959,0
26960,0
26961,0
26962,1
26963,1
26964,0
26965,0
26966,0
26967,1
26968,0
26969,1
26970,1
26971,1
26972,0
26973,0
26974,0
26975,0
26976,1
26977,1
26978,0
26979,1
26980,0
26981,0
26982,1
26983,0
26984,0
26985,0
26986,0
26987,0
26988,0
26989,0
26990,1
26991,1
26992,1
26993,0
26994,0
26995,0
26996,0
26997,1
26998,0
26999,1
27000,1
27001,1
27002,1
27003,1
27004,0
27005,1
27006,1
27007,0
27008,0
27009,0
27010,0
27011,1
27012,0
27013,0
27014,0
27015,0
27016,0
27017,1
27018,1
27019,0
27020,0
27021,1
27022,1
27023,0
27024,0
27025,1
27026,0
27027,1
27028,1
27029,0
27030,0
27031,1
27032,1
27033,1
27034,1
27035,1
27036,0
27037,1
27038,0
27039,0
27040,1
27041,1
27042,1
27043,0
27044,0
27045,0
27046,0
27047,0
27048,0
27049,1
27050,1
27051,1
27052,1
27053,0
27054,0
27055,0
27056,0
27057,1
27058,1
27059,1
27060,0
27061,0
27062,1
27063,0
27064,1
27065,0
27066,1
27067,1
27068,0
27069,1
27070,1
27071,0
27072,0
27073,0
27074,1
27075,1
27076,0
27077,1
27078,0
27079,0
27080,1
27081,1
27082,1
27083,0
27084,1
27085,0
27086,1
27087,1
27088,0
27089,0
27090,0
27091,1
27092,1
27093,0
27094,1
27095,1
27096,1
27097,1
27098,0
27099,1
27100,1
27101,0
27102,1
27103,1
27104,0
27105,0
27106,0
27107,0
27108,0
27109,0
27110,0
27111,0
27112,1
27113,1
27114,0
27115,0
27116,1
27117,1
27118,0
27119,1
27120,0
27121,0
27122,1
27123,1
27124,0
27125,1
27126,1
27127,0
27128,0
27129,1
27130,1
27131,0
27132,0
27133,1
27134,1
27135,1
27136,0
27137,1
27138,0
27139,0
27140,0
27141,0
27142,0
27143,0
27144,1
27145,0
27146,0
27147,0
27148,0
27149,1
27150,0
27151,0
27152,0
27153,1
27154,1
27155,1
27156,1
27157,1
27158,1
27159,1
27160,1
27161,1
27162,1
27163,1
27164,1
27165,1
27166,1
27167,0
27168,1
27169,1
27170,0
27171,0
27172,0
27173,1
27174,0
27175,1
27176,0
27177,1
27178,1
27179,0
27180,1
27181,1
27182,1
27183,1
27184,1
27185,1
27186,1
27187,1
27188,0
27189,0
27190,0
27191,1
27192,1
27193,0
27194,0
27195,1
27196,0
27197,0
27198,1
27199,1
27200,1
27201,1
27202,0
27203,1
27204,0
27205,1
27206,0
27207,1
27208,1
27209,0
27210,0
27211,1
27212,1
27213,1
27214,1
27215,1
27216,0
27217,0
27218,0
27219,1
27220,1
27221,1
27222,1
27223,0
27224,0
27225,1
27226,1
27227,1
27228,0
27229,1
27230,0
27231,1
27232,0
27233,0
27234,1
27235,1
27236,1
27237,1
27238,1
27239,1
27240,0
27241,1
27242,1
27243,1
27244,0
27245,1
27246,0
27247,0
27248,0
27249,1
27250,1
27251,1
27252,1
27253,0
27254,0
27255,1
27256,0
27257,1
27258,1
27259,0
27260,0
27261,0
27262,0
27263,0
27264,1
27265,1
27266,1
27267,1
27268,1
27269,1
27270,1
27271,1
27272,0
27273,1
27274,0
27275,0
27276,1
27277,0
27278,0
27279,1
27280,0
27281,1
27282,0
27283,0
27284,1
27285,0
27286,1
27287,1
27288,0
27289,1
27290,0
27291,0
27292,0
27293,0
27294,1
27295,1
27296,0
27297,0
27298,0
27299,1
27300,1
27301,0
27302,0
27303,1
27304,0
27305,1
27306,0
27307,1
27308,0
27309,0
27310,0
27311,0
27312,1
27313,1
27314,1
27315,0
27316,1
27317,1
27318,1
27319,1
27320,1
27321,0
27322,1
27323,0
27324,1
27325,0
27326,0
27327,0
27328,0
27329,0
27330,0
27331,0
27332,1
27333,1
27334,0
27335,0
27336,0
27337,1
27338,0
27339,0
27340,1
27341,0
27342,0
27343,0
27344,0
27345,0
27346,1
27347,1
27348,1
27349,0
27350,1
27351,1
27352,1
27353,0
27354,1
27355,0
27356,1
27357,0
27358,0
27359,0
27360,0
27361,1
27362,0
27363,1
27364,0
27365,1
27366,0
27367,0
27368,0
27369,0
27370,1
27371,0
27372,1
27373,0
27374,0
27375,1
27376,0
27377,0
27378,1
27379,1
27380,1
27381,0
27382,1
27383,0
27384,0
27385,0
27386,1
27387,1
27388,1
27389,1
27390,0
27391,1
27392,1
27393,0
27394,0
27395,0
27396,1
27397,0
27398,0
27399,0
27400,1
27401,1
27402,1
27403,0
27404,1
27405,1
27406,0
27407,0
27408,0
27409,1
27410,1
27411,0
27412,0
27413,1
27414,1
27415,0
27416,1
27417,1
27418,1
27419,0
27420,0
27421,1
27422,0
27423,1
27424,1
27425,0
27426,0
27427,0
27428,0
27429,1
27430,1
27431,1
27432,0
27433,0
27434,0
27435,1
27436,1
27437,0
27438,1
27439,1
27440,0
27441,1
27442,1
27443,0
27444,1
27445,0
27446,0
27447,1
27448,0
27449,0
27450,0
27451,0
27452,0
27453,1
27454,1
27455,1
27456,0
27457,0
27458,1
27459,1
27460,0
27461,0
27462,0
27463,1
27464,0
27465,1
27466,1
27467,1
27468,1
27469,0
27470,0
27471,0
27472,0
27473,1
27474,0
27475,0
27476,1
27477,1
27478,1
27479,1
27480,1
27481,0
27482,0
27483,1
27484,1
27485,1
27486,0
27487,1
27488,0
27489,0
27490,0
27491,1
27492,1
27493,1
27494,1
27495,0
27496,0
27497,0
27498,1
27499,0
27500,1
27501,1
27502,0
27503,1
27504,1
27505,1
27506,0
27507,0
27508,1
27509,0
27510,1
27511,0
27512,1
27513,1
27514,1
27515,1
27516,0
27517,1
27518,0
27519,0
27520,0
27521,1
27522,0
27523,0
27524,0
27525,0
27526,0
27527,1
27528,1
27529,0
27530,0
27531,1
27532,0
27533,0
27534,0
27535,0
27536,1
27537,0
27538,1
27539,0
27540,1
27541,1
27542,0
27543,0
27544,1
27545,0
27546,0
27547,0
27548,1
27549,1
27550,0
27551,1
27552,1
27553,0
27554,0
27555,0
27556,1
27557,1
27558,1
27559,1
27560,0
27561,0
27562,0
27563,0
27564,0
27565,0
27566,1
27567,1
27568,0
27569,0
27570,1
27571,0
27572,1
27573,1
27574,0
27575,1
27576,0
27577,0
27578,1
27579,0
27580,1
27581,0
27582,1
27583,0
27584,0
27585,0
27586,1
27587,1
27588,1
27589,0
27590,0
27591,1
27592,1
27593,1
27594,0
27595,1
27596,1
27597,1
27598,0
27599,1
27600,1
27601,0
27602,0
27603,1
27604,1
27605,0
27606,0
27607,1
27608,0
27609,1
27610,1
27611,0
27612,0
27613,0
27614,0
27615,1
27616,0
27617,1
27618,1
27619,1
27620,1
27621,0
27622,0
27623,1
27624,1
27625,0
27626,1
27627,0
27628,1
27629,0
27630,1
27631,0
27632,1
27633,1
27634,1
27635,1
27636,0
27637,0
27638,1
27639,0
27640,1
27641,0
27642,0
27643,1
27644,1
27645,1
27646,0
27647,1
27648,0
27649,0
27650,0
27651,1
27652,1
27653,0
27654,1
27655,0
27656,1
27657,0
27658,0
27659,0
27660,1
27661,1
27662,0
27663,1
27664,1
27665,1
27666,0
27667,1
27668,0
27669,1
27670,1
27671,1
27672,1
27673,1
27674,1
27675,0
27676,0
27677,0
27678,1
27679,0
27680,0
27681,0
27682,1
27683,1
27684,1
27685,1
27686,1
27687,1
27688,0
27689,0
27690,0
27691,1
27692,1
27693,0
27694,1
27695,0
27696,0
27697,1
27698,1
27699,0
27700,0
27701,0
27702,1
27703,1
27704,0
27705,0
27706,0
27707,0
27708,0
27709,0
27710,1
27711,0
27712,1
27713,0
27714,0
27715,0
27716,0
27717,1
27718,0
27719,0
27720,1
27721,1
27722,0
27723,0
27724,1
27725,0
27726,0
27727,1
27728,1
27729,0
27730,1
27731,0
27732,1
27733,0
27734,0
27735,1
27736,0
27737,0
27738,1
27739,1
27740,1
27741,0
27742,1
27743,1
27744,1
27745,1
27746,1
27747,1
27748,1
27749,0
27750,1
27751,1
27752,1
27753,1
27754,1
27755,0
27756,0
27757,0
27758,1
27759,0
27760,0
27761,1
27762,1
27763,0
27764,1
27765,1
27766,0
27767,1
27768,1
27769,1
27770,1
27771,1
27772,1
27773,0
27774,0
27775,0
27776,0
27777,0
27778,1
27779,1
27780,0
27781,0
27782,0
27783,0
27784,1
27785,1
27786,1
27787,1
27788,0
27789,0
27790,1
27791,1
27792,0
27793,1
27794,1
27795,0
27796,1
27797,0
27798,0
27799,1
27800,0
27801,1
27802,1
27803,0
27804,0
27805,0
27806,1
27807,0
27808,1
27809,1
27810,0
27811,0
27812,1
27813,1
27814,1
27815,1
27816,1
27817,1
27818,0
27819,0
27820,0
27821,0
27822,1
27823,0
27824,1
27825,0
27826,0
27827,0
27828,0
27829,0
27830,0
27831,1
27832,1
27833,1
27834,1
27835,0
27836,0
27837,0
27838,1
27839,0
27840,1
27841,0
27842,1
27843,0
27844,0
27845,1
27846,0
27847,1
27848,0
27849,0
27850,0
27851,0
27852,0
27853,1
27854,0
27855,0
27856,0
27857,0
27858,1
27859,0
27860,1
27861,1
27862,0
27863,1
27864,1
27865,1
27866,1
27867,1
27868,0
27869,0
27870,0
27871,1
27872,0
27873,1
27874,1
27875,0
27876,0
27877,0
27878,0
27879,1
27880,1
27881,1
27882,1
27883,0
27884,1
27885,0
27886,0
27887,1
27888,0
27889,1
27890,1
27891,1
27892,1
27893,1
27894,0
27895,1
27896,1
27897,0
27898,0
27899,0
27900,1
27901,1
27902,0
27903,1
27904,0
27905,1
27906,1
27907,1
27908,0
27909,0
27910,1
27911,0
27912,0
27913,0
27914,1
27915,0
27916,1
27917,1
27918,0
27919,0
27920,0
27921,0
27922,1
27923,0
27924,1
27925,1
27926,0
27927,0
27928,0
27929,1
27930,0
27931,0
27932,1
27933,1
27934,1
27935,1
27936,0
27937,1
27938,1
27939,0
27940,0
27941,1
27942,0
27943,1
27944,0
27945,1
27946,1
27947,1
27948,1
27949,0
27950,0
27951,1
27952,0
27953,0
27954,0
27955,1
27956,1
27957,1
27958,1
27959,1
27960,1
27961,1
27962,1
27963,0
27964,1
27965,1
27966,0
27967,0
27968,0
27969,0
27970,1
27971,0
27972,1
27973,0
27974,1
27975,0
27976,0
27977,0
27978,0
27979,1
27980,0
27981,0
27982,1
27983,0
27984,0
27985,0
27986,0
27987,1
27988,0
27989,0
27990,0
27991,0
27992,1
27993,1
27994,0
27995,0
27996,0
27997,0
27998,1
27999,1
28000,0
28001,1
28002,1
28003,1
28004,1
28005,0
28006,0
28007,0
28008,1
28009,1
28010,1
28011,0
28012,0
28013,1
28014,0
28015,1
28016,1
28017,0
28018,0
28019,0
28020,0
28021,0
28022,1
28023,1
28024,1
28025,0
28026,0
28027,1
28028,1
28029,1
28030,1
28031,1
28032,1
28033,0
28034,0
28035,1
28036,1
28037,1
28038,0
28039,1
28040,1
28041,1
28042,0
28043,0
28044,1
28045,1
28046,1
28047,0
28048,1
28049,0
28050,0
28051,0
28052,1
28053,1
28054,1
28055,1
28056,0
28057,1
28058,1
28059,1
28060,0
28061,1
28062,1
28063,1
28064,0
28065,1
28066,1
28067,0
28068,1
28069,0
28070,1
28071,0
28072,1
28073,0
28074,1
28075,0
28076,1
28077,0
28078,1
28079,0
28080,1
28081,0
28082,1
28083,0
28084,0
28085,1
28086,0
28087,1
28088,0
28089,0
28090,1
28091,1
28092,0
28093,0
28094,0
28095,1
28096,1
28097,0
28098,1
28099,0
28100,1
28101,0
28102,0
28103,1
28104,1
28105,0
28106,1
28107,0
28108,0
28109,1
28110,1
28111,1
28112,0
28113,0
28114,0
28115,0
28116,1
28117,1
28118,1
28119,0
28120,1
28121,0
28122,1
28123,1
28124,1
28125,1
28126,1
28127,0
28128,0
28129,0
28130,1
28131,0
28132,1
28133,1
28134,1
28135,1
28136,0
28137,0
28138,0
28139,1
28140,1
28141,0
28142,0
28143,0
28144,1
28145,0
28146,0
28147,1
28148,1
28149,1
28150,1
28151,1
28152,0
28153,0
28154,1
28155,1
28156,1
28157,0
28158,0
28159,0
28160,1
28161,0
28162,0
28163,1
28164,0
28165,0
28166,0
28167,0
28168,1
28169,1
28170,0
28171,0
28172,0
28173,0
28174,0
28175,0
28176,1
28177,1
28178,0
28179,1
28180,1
28181,0
28182,0
28183,1
28184,0
28185,1
28186,0
28187,0
28188,0
28189,1
28190,1
28191,0
28192,1
28193,1
28194,0
28195,1
28196,1
28197,1
28198,1
28199,0
28200,1
28201,0
28202,0
28203,1
28204,0
28205,0
28206,0
28207,1
28208,0
28209,1
28210,1
28211,1
28212,0
28213,0
28214,0
28215,0
28216,0
28217,1
28218,0
28219,0
28220,0
28221,1
28222,1
28223,0
28224,1
28225,1
28226,1
28227,1
28228,0
28229,1
28230,1
28231,1
28232,1
28233,0
28234,1
28235,1
28236,0
28237,1
28238,0
28239,0
28240,0
28241,0
28242,1
28243,0
28244,0
28245,0
28246,0
28247,0
28248,0
28249,0
28250,1
28251,1
28252,1
28253,0
28254,0
28255,0
28256,1
28257,1
28258,0
28259,1
28260,1
28261,1
28262,1
28263,0
28264,1
28265,1
28266,0
28267,1
28268,0
28269,0
28270,1
28271,0
28272,0
28273,0
28274,1
28275,1
28276,1
28277,1
28278,0
28279,1
28280,0
28281,0
28282,1
28283,1
28284,1
28285,1
28286,1
28287,1
28288,0
28289,0
28290,0
28291,1
28292,1
28293,0
28294,1
28295,1
28296,0
28297,1
28298,0
28299,1
28300,0
28301,1
28302,1
28303,1
28304,0
28305,0
28306,0
28307,1
28308,1
28309,1
28310,0
28311,1
28312,0
28313,1
28314,1
28315,1
28316,1
28317,1
28318,0
28319,1
28320,0
28321,1
28322,0
28323,1
28324,1
28325,0
28326,0
28327,0
28328,1
28329,1
28330,1
28331,1
28332,1
28333,1
28334,0
28335,0
28336,0
28337,0
28338,1
28339,1
28340,1
28341,0
28342,0
28343,1
28344,0
28345,0
28346,0
28347,0
28348,0
28349,0
28350,0
28351,0
28352,1
28353,0
28354,1
28355,1
28356,0
28357,0
28358,0
28359,1
28360,0
28361,1
28362,0
28363,0
28364,0
28365,0
28366,0
28367,1
28368,0
28369,0
28370,1
28371,0
28372,0
28373,1
28374,0
28375,1
28376,0
28377,0
28378,0
28379,0
28380,0
28381,0
28382,0
28383,0
28384,0
28385,0
28386,1
28387,1
28388,0
28389,1
28390,1
28391,0
28392,1
28393,0
28394,0
28395,0
28396,0
28397,1
28398,0
28399,1
28400,0
28401,0
28402,1
28403,1
28404,1
28405,1
28406,0
28407,0
28408,1
28409,0
28410,1
28411,0
28412,0
28413,0
28414,1
28415,1
28416,0
28417,1
28418,0
28419,0
28420,0
28421,1
28422,0
28423,0
28424,0
28425,1
28426,1
28427,0
28428,0
28429,1
28430,1
28431,1
28432,0
28433,1
28434,0
28435,0
28436,0
28437,1
28438,1
28439,1
28440,0
28441,1
28442,1
28443,1
28444,1
28445,1
28446,0
28447,1
28448,0
28449,0
28450,0
28451,1
28452,0
28453,1
28454,1
28455,0
28456,0
28457,0
28458,0
28459,0
28460,0
28461,0
28462,0
28463,1
28464,1
28465,1
28466,0
28467,1
28468,0
28469,1
28470,1
28471,1
28472,1
28473,0
28474,0
28475,0
28476,0
28477,0
28478,0
28479,1
28480,0
28481,0
28482,0
28483,1
28484,1
28485,1
28486,0
28487,1
28488,0
28489,0
28490,1
28491,1
28492,1
28493,1
28494,1
28495,0
28496,1
28497,0
28498,0
28499,1
28500,1
28501,0
28502,1
28503,0
28504,0
28505,1
28506,1
28507,1
28508,0
28509,1
28510,1
28511,1
28512,0
28513,1
28514,0
28515,0
28516,0
28517,0
28518,1
28519,0
28520,0
28521,1
28522,1
28523,0
28524,1
28525,0
28526,0
28527,1
28528,1
28529,1
28530,0
28531,1
28532,1
28533,1
28534,0
28535,1
28536,0
28537,0
28538,1
28539,0
28540,1
28541,0
28542,0
28543,0
28544,0
28545,0
28546,0
28547,1
28548,0
28549,0
28550,1
28551,0
28552,0
28553,1
28554,1
28555,1
28556,0
28557,0
28558,1
28559,0
28560,0
28561,1
28562,1
28563,1
28564,1
28565,0
28566,0
28567,0
28568,0
28569,0
28570,1
28571,0
28572,0
28573,1
28574,0
28575,1
28576,1
28577,0
28578,0
28579,1
28580,0
28581,1
28582,0
28583,1
28584,1
28585,0
28586,1
28587,1
28588,0
28589,1
28590,1
28591,0
28592,1
28593,1
28594,1
28595,1
28596,1
28597,0
28598,0
28599,0
28600,0
28601,1
28602,0
28603,1
28604,1
28605,0
28606,1
28607,0
28608,1
28609,0
28610,1
28611,0
28612,1
28613,1
28614,0
28615,1
28616,0
28617,1
28618,0
28619,1
28620,1
28621,0
28622,0
28623,0
28624,0
28625,0
28626,1
28627,1
28628,1
28629,1
28630,0
28631,1
28632,1
28633,1
28634,0
28635,0
28636,1
28637,0
28638,1
28639,0
28640,0
28641,0
28642,1
28643,1
28644,1
28645,0
28646,0
28647,1
28648,0
28649,0
28650,1
28651,0
28652,0
28653,0
28654,0
28655,1
28656,1
28657,0
28658,1
28659,0
28660,0
28661,1
28662,0
28663,1
28664,1
28665,0
28666,0
28667,1
28668,1
28669,1
28670,1
28671,0
28672,1
28673,1
28674,1
28675,0
28676,1
28677,1
28678,1
28679,0
28680,1
28681,1
28682,0
28683,0
28684,0
28685,0
28686,1
28687,1
28688,0
28689,1
28690,0
28691,1
28692,0
28693,1
28694,0
28695,1
28696,1
28697,0
28698,1
28699,1
28700,1
28701,0
28702,0
28703,0
28704,1
28705,1
28706,0
28707,1
28708,1
28709,1
28710,0
28711,1
28712,1
28713,1
28714,0
28715,0
28716,1
28717,0
28718,0
28719,1
28720,0
28721,0
28722,0
28723,0
28724,0
28725,0
28726,1
28727,0
28728,0
28729,0
28730,1
28731,0
28732,0
28733,0
28734,1
28735,1
28736,1
28737,0
28738,0
28739,0
28740,1
28741,0
28742,0
28743,1
28744,1
28745,1
28746,0
28747,0
28748,1
28749,0
28750,0
28751,0
28752,1
28753,1
28754,0
28755,1
28756,1
28757,0
28758,1
28759,0
28760,0
28761,0
28762,0
28763,1
28764,1
28765,1
28766,1
28767,1
28768,1
28769,1
28770,1
28771,0
28772,0
28773,0
28774,0
28775,0
28776,1
28777,1
28778,1
28779,0
28780,0
28781,0
28782,0
28783,1
28784,0
28785,0
28786,0
28787,0
28788,0
28789,0
28790,0
28791,1
28792,1
28793,0
28794,1
28795,1
28796,0
28797,1
28798,1
28799,1
28800,0
28801,0
28802,0
28803,1
28804,0
28805,0
28806,1
28807,0
28808,0
28809,1
28810,0
28811,1
28812,1
28813,0
28814,0
28815,1
28816,0
28817,1
28818,1
28819,1
28820,0
28821,0
28822,1
28823,1
28824,1
28825,1
28826,0
28827,1
28828,0
28829,1
28830,1
28831,1
28832,0
28833,0
28834,1
28835,1
28836,0
28837,1
28838,0
28839,0
28840,0
28841,1
28842,0
28843,1
28844,0
28845,1
28846,0
28847,1
28848,1
28849,1
28850,1
28851,1
28852,1
28853,1
28854,0
28855,0
28856,1
28857,0
28858,0
28859,0
28860,1
28861,0
28862,1
28863,0
28864,0
28865,0
28866,0
28867,1
28868,1
28869,0
28870,1
28871,0
28872,0
28873,0
28874,1
28875,1
28876,0
28877,1
28878,0
28879,0
28880,1
28881,0
28882,0
28883,1
28884,0
28885,0
28886,1
28887,0
28888,0
28889,0
28890,0
28891,1
28892,0
28893,1
28894,0
28895,1
28896,0
28897,1
28898,0
28899,0
28900,1
28901,1
28902,1
28903,1
28904,1
28905,0
28906,0
28907,0
28908,0
28909,1
28910,1
28911,1
28912,0
28913,0
28914,1
28915,1
28916,1
28917,1
28918,1
28919,0
28920,0
28921,1
28922,0
28923,0
28924,1
28925,0
28926,1
28927,0
28928,1
28929,1
28930,1
28931,0
28932,0
28933,1
28934,0
28935,1
28936,0
28937,0
28938,0
28939,1
28940,1
28941,0
28942,0
28943,0
28944,0
28945,1
28946,1
28947,1
28948,0
28949,1
28950,1
28951,1
28952,1
28953,1
28954,1
28955,1
28956,0
28957,1
28958,1
28959,1
28960,0
28961,0
28962,1
28963,1
28964,0
28965,1
28966,1
28967,0
28968,0
28969,0
28970,0
28971,1
28972,0
28973,1
28974,1
28975,1
28976,0
28977,1
28978,1
28979,1
28980,1
28981,1
28982,1
28983,1
28984,0
28985,1
28986,1
28987,0
28988,1
28989,0
28990,1
28991,1
28992,0
28993,0
28994,1
28995,0
28996,0
28997,0
28998,1
28999,1
29000,1
29001,0
29002,0
29003,0
29004,1
29005,1
29006,0
29007,0
29008,0
29009,0
29010,0
29011,1
29012,0
29013,1
29014,0
29015,0
29016,1
29017,1
29018,0
29019,0
29020,1
29021,1
29022,0
29023,0
29024,0
29025,0
29026,1
29027,1
29028,1
29029,1
29030,0
29031,1
29032,1
29033,0
29034,1
29035,1
29036,1
29037,0
29038,1
29039,0
29040,1
29041,1
29042,0
29043,0
29044,1
29045,0
29046,1
29047,1
29048,0
29049,0
29050,1
29051,1
29052,0
29053,0
29054,1
29055,0
29056,0
29057,0
29058,1
29059,0
29060,0
29061,0
29062,0
29063,1
29064,0
29065,1
29066,1
29067,0
29068,1
29069,1
29070,1
29071,1
29072,0
29073,1
29074,0
29075,1
29076,1
29077,1
29078,1
29079,1
29080,0
29081,1
29082,1
29083,1
29084,0
29085,1
29086,1
29087,0
29088,0
29089,1
29090,0
29091,0
29092,0
29093,1
29094,0
29095,1
29096,1
29097,0
29098,0
29099,0
29100,1
29101,1
29102,0
29103,0
29104,1
29105,0
29106,1
29107,0
29108,0
29109,1
29110,0
29111,0
29112,0
29113,0
29114,1
29115,0
29116,1
29117,1
29118,0
29119,1
29120,1
29121,0
29122,0
29123,1
29124,0
29125,1
29126,0
29127,1
29128,1
29129,1
29130,1
29131,1
29132,0
29133,0
29134,0
29135,1
29136,1
29137,1
29138,0
29139,0
29140,1
29141,1
29142,0
29143,1
29144,0
29145,1
29146,1
29147,0
29148,0
29149,0
29150,0
29151,0
29152,1
29153,0
29154,1
29155,0
29156,0
29157,1
29158,1
29159,0
29160,1
29161,0
29162,0
29163,0
29164,1
29165,0
29166,1
29167,0
29168,0
29169,1
29170,0
29171,0
29172,1
29173,1
29174,1
29175,0
29176,1
29177,1
29178,1
29179,0
29180,0
29181,1
29182,1
29183,0
29184,0
29185,0
29186,1
29187,0
29188,1
29189,1
29190,1
29191,1
29192,0
29193,0
29194,0
29195,0
29196,1
29197,1
29198,0
29199,1
29200,0
29201,0
29202,0
29203,1
29204,0
29205,0
29206,1
29207,0
29208,0
29209,1
29210,1
29211,1
29212,0
29213,1
29214,0
29215,1
29216,1
29217,0
29218,0
29219,0
29220,1
29221,0
29222,1
29223,0
29224,0
29225,1
29226,1
29227,0
29228,1
29229,0
29230,0
29231,0
29232,1
29233,0
29234,0
29235,0
29236,1
29237,1
29238,1
29239,1
29240,1
29241,1
29242,0
29243,1
29244,0
29245,0
29246,0
29247,0
29248,1
29249,1
29250,0
29251,1
29252,1
29253,0
29254,1
29255,1
29256,1
29257,0
29258,1
29259,1
29260,0
29261,1
29262,1
29263,1
29264,1
29265,0
29266,1
29267,1
29268,0
29269,1
29270,0
29271,1
29272,1
29273,1
29274,0
29275,0
29276,1
29277,1
29278,1
29279,1
29280,0
29281,1
29282,1
29283,1
29284,0
29285,0
29286,0
29287,0
29288,1
29289,1
29290,1
29291,0
29292,1
29293,0
29294,1
29295,1
29296,1
29297,0
29298,1
29299,0
29300,1
29301,0
29302,0
29303,0
29304,1
29305,1
29306,1
29307,1
29308,0
29309,1
29310,0
29311,0
29312,0
29313,1
29314,0
29315,1
29316,1
29317,1
29318,1
29319,1
29320,1
29321,1
29322,1
29323,0
29324,1
29325,0
29326,0
29327,1
29328,0
29329,1
29330,0
29331,1
29332,0
29333,0
29334,0
29335,0
29336,1
29337,0
29338,1
29339,0
29340,0
29341,0
29342,0
29343,0
29344,0
29345,1
29346,0
29347,0
29348,1
29349,0
29350,1
29351,1
29352,0
29353,1
29354,0
29355,1
29356,1
29357,1
29358,1
29359,1
29360,1
29361,0
29362,1
29363,1
29364,0
29365,0
29366,0
29367,1
29368,1
29369,0
29370,1
29371,1
29372,1
29373,1
29374,1
29375,0
29376,1
29377,0
29378,1
29379,1
29380,1
29381,1
29382,1
29383,1
29384,0
29385,1
29386,0
29387,1
29388,0
29389,1
29390,0
29391,1
29392,1
29393,0
29394,1
29395,1
29396,0
29397,0
29398,0
29399,0
29400,0
29401,0
29402,1
29403,0
29404,0
29405,0
29406,0
29407,0
29408,1
29409,0
29410,0
29411,0
29412,1
29413,0
29414,0
29415,0
29416,0
29417,0
29418,0
29419,1
29420,0
29421,1
29422,1
29423,0
29424,0
29425,1
29426,1
29427,1
29428,0
29429,1
29430,0
29431,0
29432,0
29433,1
29434,1
29435,1
29436,1
29437,0
29438,1
29439,0
29440,1
29441,1
29442,1
29443,1
29444,0
29445,0
29446,1
29447,0
29448,1
29449,0
29450,0
29451,1
29452,0
29453,0
29454,1
29455,1
29456,1
29457,0
29458,1
29459,1
29460,0
29461,1
29462,1
29463,1
29464,1
29465,0
29466,0
29467,1
29468,0
29469,0
29470,0
29471,0
29472,0
29473,0
29474,0
29475,1
29476,0
29477,0
29478,0
29479,0
29480,0
29481,0
29482,1
29483,1
29484,1
29485,1
29486,0
29487,0
29488,1
29489,1
29490,1
29491,0
29492,1
29493,0
29494,0
29495,1
29496,0
29497,0
29498,1
29499,1
29500,0
29501,0
29502,0
29503,1
29504,1
29505,0
29506,0
29507,1
29508,0
29509,1
29510,0
29511,0
29512,0
29513,0
29514,1
29515,0
29516,0
29517,0
29518,0
29519,1
29520,1
29521,1
29522,1
29523,0
29524,1
29525,1
29526,0
29527,0
29528,0
29529,1
29530,1
29531,0
29532,0
29533,1
29534,1
29535,0
29536,1
29537,1
29538,1
29539,0
29540,1
29541,0
29542,1
29543,1
29544,0
29545,1
29546,0
29547,0
29548,1
29549,1
29550,1
29551,0
29552,1
29553,0
29554,1
29555,1
29556,1
29557,1
29558,1
29559,0
29560,0
29561,1
29562,1
29563,0
29564,1
29565,1
29566,0
29567,0
29568,1
29569,1
29570,1
29571,1
29572,1
29573,0
29574,1
29575,0
29576,0
29577,1
29578,1
29579,0
29580,0
29581,1
29582,0
29583,0
29584,1
29585,0
29586,0
29587,1
29588,1
29589,0
29590,0
29591,1
29592,1
29593,1
29594,0
29595,1
29596,1
29597,0
29598,0
29599,0
29600,0
29601,1
29602,0
29603,0
29604,1
29605,0
29606,1
29607,1
29608,1
29609,1
29610,0
29611,1
29612,0
29613,1
29614,0
29615,1
29616,1
29617,1
29618,0
29619,0
29620,0
29621,1
29622,0
29623,0
29624,1
29625,1
29626,0
29627,1
29628,1
29629,0
29630,1
29631,0
29632,1
29633,0
29634,1
29635,1
29636,0
29637,0
29638,0
29639,0
29640,0
29641,1
29642,0
29643,0
29644,0
29645,0
29646,1
29647,1
29648,1
29649,1
29650,0
29651,1
29652,0
29653,0
29654,1
29655,0
29656,0
29657,1
29658,0
29659,1
29660,0
29661,0
29662,1
29663,0
29664,1
29665,1
29666,0
29667,0
29668,1
29669,0
29670,1
29671,0
29672,1
29673,0
29674,1
29675,0
29676,1
29677,1
29678,0
29679,1
29680,0
29681,0
29682,0
29683,0
29684,0
29685,0
29686,0
29687,1
29688,1
29689,1
29690,1
29691,0
29692,0
29693,1
29694,0
29695,1
29696,0
29697,1
29698,0
29699,0
29700,0
29701,1
29702,1
29703,0
29704,1
29705,1
29706,0
29707,1
29708,0
29709,1
29710,0
29711,0
29712,0
29713,0
29714,0
29715,0
29716,1
29717,1
29718,1
29719,0
29720,1
29721,0
29722,1
29723,0
29724,1
29725,0
29726,1
29727,0
29728,1
29729,1
29730,0
29731,1
29732,1
29733,0
29734,1
29735,1
29736,0
29737,0
29738,0
29739,1
29740,1
29741,1
29742,1
29743,1
29744,1
29745,0
29746,0
29747,0
29748,0
29749,1
29750,0
29751,0
29752,1
29753,1
29754,0
29755,1
29756,1
29757,0
29758,0
29759,1
29760,1
29761,0
29762,1
29763,1
29764,1
29765,0
29766,1
29767,1
29768,0
29769,1
29770,0
29771,1
29772,1
29773,0
29774,1
29775,0
29776,1
29777,0
29778,1
29779,1
29780,0
29781,1
29782,0
29783,1
29784,0
29785,0
29786,1
29787,0
29788,1
29789,1
29790,1
29791,1
29792,0
29793,1
29794,1
29795,1
29796,1
29797,0
29798,0
29799,0
29800,1
29801,1
29802,0
29803,0
29804,1
29805,1
29806,0
29807,0
29808,1
29809,1
29810,0
29811,0
29812,1
29813,1
29814,1
29815,0
29816,1
29817,0
29818,1
29819,1
29820,0
29821,1
29822,1
29823,1
29824,1
29825,1
29826,1
29827,1
29828,0
29829,0
29830,1
29831,0
29832,1
29833,0
29834,1
29835,1
29836,0
29837,0
29838,0
29839,1
29840,0
29841,0
29842,1
29843,1
29844,0
29845,1
29846,0
29847,1
29848,1
29849,0
29850,1
29851,1
29852,0
29853,1
29854,0
29855,0
29856,0
29857,1
29858,0
29859,1
29860,0
29861,1
29862,0
29863,1
29864,0
29865,1
29866,0
29867,0
29868,0
29869,0
29870,0
29871,1
29872,0
29873,1
29874,0
29875,1
29876,1
29877,0
29878,0
29879,0
29880,1
29881,0
29882,1
29883,1
29884,1
29885,1
29886,1
29887,0
29888,0
29889,1
29890,1
29891,1
29892,0
29893,0
29894,0
29895,0
29896,0
29897,0
29898,1
29899,0
29900,1
29901,1
29902,0
29903,1
29904,0
29905,0
29906,1
29907,0
29908,1
29909,0
29910,1
29911,1
29912,0
29913,1
29914,1
29915,0
29916,1
29917,0
29918,0
29919,0
29920,0
29921,0
29922,1
29923,0
29924,1
29925,0
29926,1
29927,1
29928,0
29929,0
29930,1
29931,1
29932,0
29933,0
29934,1
29935,0
29936,0
29937,1
29938,0
29939,1
29940,1
29941,0
29942,0
29943,0
29944,1
29945,1
29946,1
29947,0
29948,1
29949,0
29950,1
29951,1
29952,0
29953,0
29954,0
29955,1
29956,1
29957,1
29958,0
29959,0
29960,0
29961,1
29962,1
29963,0
29964,0
29965,0
29966,0
29967,1
29968,0
29969,0
29970,0
29971,0
29972,1
29973,0
29974,0
29975,0
29976,0
29977,1
29978,1
29979,0
29980,1
29981,0
29982,0
29983,1
29984,1
29985,0
29986,0
29987,1
29988,1
29989,1
29990,0
29991,1
29992,1
29993,0
29994,0
29995,1
29996,0
29997,1
29998,0
29999,0
30000,1
30001,1
30002,1
30003,0
30004,0
30005,0
30006,0
30007,1
30008,1
30009,0
30010,0
30011,1
30012,0
30013,0
30014,0
30015,0
30016,1
30017,0
30018,1
30019,0
30020,1
30021,0
30022,1
30023,0
30024,1
30025,0
30026,1
30027,0
30028,0
30029,0
30030,0
30031,0
30032,0
30033,0
30034,0
30035,0
30036,0
30037,0
30038,0
30039,1
30040,1
30041,0
30042,0
30043,1
30044,0
30045,1
30046,1
30047,0
30048,0
30049,0
30050,0
30051,1
30052,0
30053,1
30054,0
30055,1
30056,0
30057,1
30058,0
30059,0
30060,0
30061,1
30062,0
30063,1
30064,0
30065,0
30066,0
30067,1
30068,1
30069,1
30070,0
30071,0
30072,1
30073,1
30074,0
30075,1
30076,0
30077,0
30078,0
30079,0
30080,0
30081,1
30082,0
30083,0
30084,1
30085,1
30086,1
30087,0
30088,1
30089,0
30090,1
30091,0
30092,0
30093,0
30094,1
30095,1
30096,0
30097,1
30098,1
30099,0
30100,1
30101,1
30102,0
30103,1
30104,0
30105,1
30106,0
30107,1
30108,0
30109,1
30110,0
30111,1
30112,1
30113,0
30114,0
30115,1
30116,0
30117,0
30118,0
30119,0
30120,0
30121,1
30122,1
30123,1
30124,0
30125,1
30126,0
30127,0
30128,0
30129,1
30130,0
30131,1
30132,1
30133,1
30134,0
30135,0
30136,0
30137,1
30138,1
30139,0
30140,0
30141,0
30142,0
30143,1
30144,0
30145,1
30146,0
30147,0
30148,1
30149,0
30150,1
30151,1
30152,0
30153,1
30154,0
30155,0
30156,1
30157,1
30158,1
30159,0
30160,0
30161,0
30162,1
30163,1
30164,0
30165,1
30166,0
30167,1
30168,0
30169,1
30170,0
30171,0
30172,0
30173,1
30174,0
30175,1
30176,0
30177,1
30178,0
30179,0
30180,1
30181,1
30182,1
30183,0
30184,0
30185,1
30186,1
30187,0
30188,0
30189,1
30190,1
30191,1
30192,0
30193,0
30194,1
30195,0
30196,0
30197,1
30198,0
30199,1
30200,1
30201,0
30202,0
30203,0
30204,1
30205,0
30206,1
30207,0
30208,0
30209,0
30210,0
30211,1
30212,0
30213,1
30214,1
30215,0
30216,0
30217,0
30218,0
30219,0
30220,0
30221,0
30222,0
30223,0
30224,1
30225,1
30226,1
30227,0
30228,0
30229,0
30230,0
30231,0
30232,1
30233,1
30234,1
30235,1
30236,0
30237,1
30238,1
30239,0
30240,0
30241,0
30242,1
30243,1
30244,1
30245,0
30246,0
30247,0
30248,0
30249,0
30250,1
30251,0
30252,0
30253,0
30254,0
30255,1
30256,1
30257,1
30258,0
30259,1
30260,1
30261,0
30262,0
30263,1
30264,1
30265,0
30266,0
30267,0
30268,0
30269,1
30270,1
30271,1
30272,1
30273,0
30274,0
30275,0
30276,1
30277,0
30278,0
30279,1
30280,1
30281,1
30282,1
30283,0
30284,1
30285,0
30286,0
30287,0
30288,1
30289,1
30290,0
30291,0
30292,1
30293,0
30294,1
30295,0
30296,1
30297,0
30298,1
30299,0
30300,0
30301,0
30302,0
30303,0
30304,0
30305,1
30306,1
30307,0
30308,0
30309,0
30310,0
30311,1
30312,0
30313,0
30314,1
30315,1
30316,0
30317,0
30318,1
30319,0
30320,1
30321,1
30322,1
30323,0
30324,0
30325,1
30326,1
30327,1
30328,0
30329,0
30330,0
30331,0
30332,1
30333,1
30334,1
30335,1
30336,1
30337,1
30338,1
30339,1
30340,0
30341,0
30342,0
30343,0
30344,0
30345,0
30346,1
30347,0
30348,0
30349,1
30350,0
30351,1
30352,0
30353,1
30354,1
30355,1
30356,1
30357,0
30358,0
30359,0
30360,1
30361,0
30362,0
30363,1
30364,1
30365,0
30366,0
30367,1
30368,0
30369,0
30370,0
30371,0
30372,1
30373,0
30374,1
30375,0
30376,0
30377,0
30378,1
30379,1
30380,1
30381,0
30382,0
30383,1
30384,1
30385,0
30386,0
30387,1
30388,1
30389,1
30390,0
30391,1
30392,1
30393,0
30394,1
30395,0
30396,0
30397,1
30398,1
30399,0
30400,1
30401,0
30402,0
30403,0
30404,1
30405,1
30406,1
30407,1
30408,1
30409,1
30410,1
30411,1
30412,0
30413,1
30414,0
30415,1
30416,0
30417,1
30418,1
30419,0
30420,1
30421,0
30422,0
30423,1
30424,0
30425,1
30426,0
30427,1
30428,0
30429,1
30430,0
30431,1
30432,1
30433,0
30434,0
30435,1
30436,0
30437,1
30438,1
30439,1
30440,1
30441,0
30442,0
30443,0
30444,0
30445,0
30446,0
30447,1
30448,0
30449,1
30450,1
30451,1
30452,0
30453,1
30454,0
30455,0
30456,0
30457,0
30458,0
30459,0
30460,1
30461,1
30462,0
30463,1
30464,1
30465,1
30466,1
30467,1
30468,0
30469,0
30470,1
30471,1
30472,1
30473,1
30474,0
30475,1
30476,0
30477,0
30478,1
30479,0
30480,0
30481,0
30482,1
30483,1
30484,0
30485,1
30486,1
30487,0
30488,1
30489,0
30490,1
30491,0
30492,1
30493,1
30494,1
30495,1
30496,0
30497,0
30498,0
30499,1
30500,0
30501,0
30502,0
30503,1
30504,1
30505,1
30506,0
30507,1
30508,0
30509,1
30510,0
30511,0
30512,0
30513,0
30514,0
30515,1
30516,0
30517,1
30518,0
30519,0
30520,0
30521,1
30522,0
30523,1
30524,0
30525,1
30526,0
30527,1
30528,1
30529,0
30530,1
30531,1
30532,1
30533,0
30534,1
30535,0
30536,0
30537,1
30538,1
30539,1
30540,1
30541,1
30542,0
30543,1
30544,1
30545,0
30546,0
30547,0
30548,0
30549,1
30550,1
30551,1
30552,1
30553,0
30554,1
30555,0
30556,0
30557,0
30558,1
30559,1
30560,1
30561,0
30562,0
30563,1
30564,0
30565,1
30566,1
30567,1
30568,0
30569,1
30570,0
30571,0
30572,0
30573,1
30574,1
30575,0
30576,0
30577,1
30578,1
30579,1
30580,1
30581,0
30582,1
30583,1
30584,1
30585,0
30586,1
30587,0
30588,0
30589,1
30590,1
30591,1
30592,1
30593,1
30594,1
30595,0
30596,1
30597,1
30598,1
30599,0
30600,0
30601,1
30602,1
30603,1
30604,1
30605,1
30606,0
30607,0
30608,1
30609,1
30610,0
30611,1
30612,1
30613,0
30614,0
30615,1
30616,0
30617,1
30618,0
30619,0
30620,1
30621,1
30622,0
30623,0
30624,0
30625,0
30626,0
30627,0
30628,0
30629,0
30630,0
30631,0
30632,0
30633,1
30634,0
30635,1
30636,1
30637,0
30638,0
30639,0
30640,0
30641,0
30642,1
30643,1
30644,0
30645,1
30646,1
30647,1
30648,0
30649,1
30650,0
30651,1
30652,1
30653,1
30654,0
30655,0
30656,0
30657,1
30658,0
30659,1
30660,1
30661,1
30662,0
30663,0
30664,0
30665,0
30666,1
30667,0
30668,1
30669,0
30670,1
30671,1
30672,1
30673,0
30674,1
30675,1
30676,0
30677,0
30678,0
30679,1
30680,1
30681,1
30682,0
30683,1
30684,1
30685,0
30686,0
30687,0
30688,1
30689,1
30690,0
30691,1
30692,0
30693,1
30694,1
30695,1
30696,0
30697,1
30698,1
30699,1
30700,0
30701,0
30702,1
30703,0
30704,0
30705,0
30706,1
30707,0
30708,0
30709,0
30710,0
30711,1
30712,1
30713,0
30714,0
30715,1
30716,1
30717,1
30718,0
30719,0
30720,0
30721,0
30722,0
30723,1
30724,0
30725,1
30726,1
30727,1
30728,1
30729,1
30730,0
30731,1
30732,0
30733,0
30734,1
30735,1
30736,1
30737,0
30738,0
30739,1
30740,1
30741,1
30742,0
30743,0
30744,0
30745,0
30746,1
30747,1
30748,1
30749,1
30750,0
30751,1
30752,0
30753,0
30754,0
30755,0
30756,1
30757,1
30758,1
30759,1
30760,1
30761,0
30762,0
30763,0
30764,1
30765,1
30766,0
30767,1
30768,1
30769,0
30770,1
30771,0
30772,1
30773,0
30774,0
30775,1
30776,1
30777,1
30778,0
30779,0
30780,0
30781,1
30782,0
30783,1
30784,0
30785,1
30786,0
30787,0
30788,0
30789,1
30790,0
30791,0
30792,0
30793,0
30794,1
30795,0
30796,0
30797,0
30798,0
30799,0
30800,0
30801,0
30802,0
30803,1
30804,0
30805,1
30806,0
30807,1
30808,1
30809,0
30810,1
30811,1
30812,1
30813,1
30814,1
30815,1
30816,0
30817,0
30818,0
30819,0
30820,1
30821,1
30822,0
30823,0
30824,1
30825,1
30826,0
30827,1
30828,0
30829,1
30830,1
30831,1
30832,1
30833,0
30834,0
30835,0
30836,1
30837,0
30838,1
30839,1
30840,0
30841,0
30842,0
30843,0
30844,1
30845,1
30846,0
30847,1
30848,1
30849,1
30850,0
30851,1
30852,1
30853,1
30854,1
30855,1
30856,0
30857,1
30858,1
30859,1
30860,1
30861,0
30862,0
30863,0
30864,0
30865,0
30866,0
30867,0
30868,0
30869,1
30870,1
30871,0
30872,1
30873,1
30874,0
30875,1
30876,1
30877,1
30878,1
30879,1
30880,1
30881,0
30882,1
30883,1
30884,1
30885,0
30886,0
30887,1
30888,1
30889,1
30890,0
30891,1
30892,1
30893,0
30894,1
30895,0
30896,1
30897,0
30898,1
30899,0
30900,0
30901,1
30902,0
30903,1
30904,0
30905,1
30906,0
30907,0
30908,0
30909,0
30910,1
30911,0
30912,1
30913,1
30914,1
30915,0
30916,1
30917,0
30918,0
30919,0
30920,1
30921,0
30922,1
30923,1
30924,0
30925,1
30926,0
30927,1
30928,1
30929,0
30930,0
30931,1
30932,1
30933,1
30934,1
30935,0
30936,1
30937,1
30938,0
30939,0
30940,1
30941,0
30942,1
30943,0
30944,0
30945,1
30946,1
30947,1
30948,0
30949,0
30950,0
30951,1
30952,0
30953,0
30954,1
30955,0
30956,0
30957,0
30958,1
30959,0
30960,0
30961,1
30962,0
30963,1
30964,0
30965,0
30966,1
30967,1
30968,0
30969,0
30970,1
30971,1
30972,0
30973,0
30974,1
30975,0
30976,1
30977,0
30978,0
30979,0
30980,1
30981,0
30982,0
30983,1
30984,0
30985,1
30986,0
30987,1
30988,1
30989,0
30990,0
30991,1
30992,0
30993,0
30994,0
30995,1
30996,1
30997,1
30998,0
30999,0
31000,1
31001,0
31002,0
31003,0
31004,1
31005,0
31006,1
31007,1
31008,0
31009,0
31010,1
31011,0
31012,1
31013,0
31014,0
31015,1
31016,1
31017,0
31018,0
31019,1
31020,0
31021,0
31022,1
31023,0
31024,1
31025,1
31026,1
31027,0
31028,1
31029,0
31030,0
31031,1
31032,1
31033,1
31034,1
31035,1
31036,0
31037,1
31038,1
31039,1
31040,1
31041,1
31042,0
31043,1
31044,1
31045,1
31046,0
31047,1
31048,0
31049,0
31050,0
31051,1
31052,1
31053,1
31054,1
31055,1
31056,0
31057,1
31058,0
31059,1
31060,0
31061,0
31062,1
31063,0
31064,0
31065,0
31066,1
31067,0
31068,0
31069,0
31070,1
31071,1
31072,0
31073,0
31074,0
31075,1
31076,0
31077,1
31078,1
31079,0
31080,0
31081,1
31082,0
31083,1
31084,1
31085,1
31086,0
31087,1
31088,0
31089,0
31090,1
31091,1
31092,0
31093,0
31094,0
31095,1
31096,0
31097,0
31098,1
31099,1
31100,1
31101,1
31102,0
31103,0
31104,1
31105,0
31106,0
31107,1
31108,0
31109,1
31110,0
31111,1
31112,1
31113,0
31114,0
31115,1
31116,0
31117,0
31118,0
31119,0
31120,1
31121,1
31122,0
31123,1
31124,0
31125,0
31126,0
31127,1
31128,0
31129,0
31130,1
31131,1
31132,1
31133,1
31134,0
31135,0
31136,1
31137,1
31138,0
31139,0
31140,1
31141,0
31142,1
31143,0
31144,1
31145,0
31146,1
31147,0
31148,1
31149,1
31150,0
31151,1
31152,1
31153,0
31154,0
31155,0
31156,1
31157,0
31158,0
31159,1
31160,0
31161,0
31162,0
31163,0
31164,0
31165,1
31166,1
31167,0
31168,0
31169,1
31170,1
31171,0
31172,1
31173,1
31174,0
31175,0
31176,0
31177,1
31178,0
31179,1
31180,0
31181,0
31182,1
31183,0
31184,0
31185,0
31186,1
31187,1
31188,1
31189,1
31190,1
31191,1
31192,0
31193,0
31194,1
31195,1
31196,0
31197,0
31198,1
31199,0
31200,1
31201,1
31202,0
31203,0
31204,0
31205,1
31206,1
31207,0
31208,1
31209,0
31210,1
31211,0
31212,1
31213,1
31214,1
31215,0
31216,0
31217,1
31218,1
31219,0
31220,1
31221,0
31222,1
31223,0
31224,0
31225,1
31226,1
31227,0
31228,1
31229,0
31230,0
31231,0
31232,0
31233,1
31234,0
31235,1
31236,1
31237,1
31238,1
31239,0
31240,0
31241,1
31242,0
31243,0
31244,0
31245,0
31246,0
31247,0
31248,0
31249,0
31250,1
31251,1
31252,0
31253,0
31254,1
31255,0
31256,1
31257,1
31258,0
31259,0
31260,0
31261,0
31262,1
31263,0
31264,0
31265,0
31266,1
31267,0
31268,1
31269,1
31270,0
31271,1
31272,1
31273,1
31274,1
31275,0
31276,0
31277,0
31278,1
31279,1
31280,1
31281,0
31282,0
31283,0
31284,1
31285,1
31286,1
31287,1
31288,1
31289,0
31290,0
31291,1
31292,0
31293,0
31294,1
31295,0
31296,1
31297,1
31298,1
31299,0
31300,0
31301,0
31302,1
31303,0
31304,0
31305,0
31306,0
31307,0
31308,1
31309,0
31310,0
31311,0
31312,0
31313,0
31314,0
31315,1
31316,1
31317,1
31318,1
31319,1
31320,0
31321,1
31322,0
31323,0
31324,1
31325,1
31326,1
31327,1
31328,0
31329,1
31330,0
31331,1
31332,1
31333,0
31334,1
31335,1
31336,1
31337,0
31338,1
31339,0
31340,1
31341,1
31342,0
31343,0
31344,0
31345,0
31346,0
31347,0
31348,0
31349,1
31350,0
31351,1
31352,0
31353,0
31354,1
31355,1
31356,1
31357,1
31358,1
31359,0
31360,0
31361,1
31362,0
31363,0
31364,1
31365,1
31366,0
31367,1
31368,1
31369,0
31370,0
31371,0
31372,0
31373,1
31374,0
31375,1
31376,1
31377,1
31378,1
31379,0
31380,0
31381,0
31382,0
31383,1
31384,1
31385,1
31386,1
31387,0
31388,1
31389,1
31390,1
31391,0
31392,1
31393,0
31394,0
31395,0
31396,0
31397,1
31398,0
31399,1
31400,0
31401,0
31402,1
31403,1
31404,0
31405,0
31406,1
31407,1
31408,1
31409,1
31410,0
31411,0
31412,1
31413,0
31414,1
31415,1
31416,1
31417,1
31418,1
31419,0
31420,0
31421,1
31422,1
31423,0
31424,0
31425,0
31426,1
31427,0
31428,1
31429,1
31430,1
31431,0
31432,0
31433,0
31434,1
31435,1
31436,0
31437,0
31438,0
31439,1
31440,1
31441,0
31442,0
31443,0
31444,0
31445,0
31446,0
31447,0
31448,0
31449,0
31450,0
31451,0
31452,0
31453,0
31454,1
31455,1
31456,0
31457,1
31458,0
31459,1
31460,1
31461,1
31462,0
31463,1
31464,1
31465,1
31466,1
31467,0
31468,0
31469,1
31470,1
31471,1
31472,1
31473,0
31474,0
31475,1
31476,1
31477,0
31478,1
31479,0
31480,1
31481,0
31482,0
31483,1
31484,0
31485,0
31486,1
31487,0
31488,1
31489,0
31490,1
31491,1
31492,0
31493,0
31494,0
31495,1
31496,0
31497,0
31498,1
31499,0
31500,1
31501,0
31502,1
31503,1
31504,0
31505,0
31506,1
31507,0
31508,1
31509,1
31510,0
31511,1
31512,0
31513,1
31514,1
31515,0
31516,0
31517,1
31518,1
31519,1
31520,1
31521,1
31522,1
31523,0
31524,1
31525,1
31526,0
31527,1
31528,1
31529,1
31530,1
31531,1
31532,0
31533,0
31534,1
31535,0
31536,1
31537,0
31538,1
31539,0
31540,1
31541,0
31542,1
31543,0
31544,1
31545,1
31546,1
31547,1
31548,0
31549,1
31550,1
31551,0
31552,1
31553,0
31554,1
31555,0
31556,1
31557,1
31558,0
31559,0
31560,1
31561,0
31562,1
31563,0
31564,0
31565,0
31566,1
31567,1
31568,1
31569,1
31570,1
31571,0
31572,1
31573,1
31574,1
31575,1
31576,1
31577,0
31578,1
31579,1
31580,1
31581,1
31582,0
31583,0
31584,0
31585,1
31586,0
31587,1
31588,0
31589,1
31590,0
31591,0
31592,0
31593,0
31594,1
31595,1
31596,1
31597,0
31598,1
31599,0
31600,1
31601,1
31602,0
31603,0
31604,0
31605,0
31606,0
31607,0
31608,0
31609,0
31610,0
31611,1
31612,1
31613,1
31614,1
31615,0
31616,1
31617,1
31618,0
31619,1
31620,1
31621,0
31622,1
31623,0
31624,1
31625,1
31626,0
31627,0
31628,0
31629,0
31630,1
31631,0
31632,1
31633,1
31634,0
31635,1
31636,0
31637,0
31638,0
31639,1
31640,0
31641,1
31642,1
31643,1
31644,1
31645,0
31646,0
31647,1
31648,1
31649,0
31650,1
31651,1
31652,1
31653,1
31654,0
31655,0
31656,1
31657,1
31658,1
31659,1
31660,1
31661,1
31662,0
31663,0
31664,0
31665,0
31666,0
31667,1
31668,1
31669,1
31670,0
31671,1
31672,0
31673,0
31674,1
31675,0
31676,0
31677,1
31678,1
31679,0
31680,0
31681,0
31682,0
31683,1
31684,0
31685,1
31686,1
31687,1
31688,1
31689,1
31690,1
31691,0
31692,0
31693,0
31694,0
31695,0
31696,0
31697,1
31698,0
31699,0
31700,0
31701,0
31702,0
31703,1
31704,1
31705,0
31706,0
31707,0
31708,0
31709,0
31710,1
31711,0
31712,1
31713,0
31714,1
31715,1
31716,1
31717,1
31718,0
31719,1
31720,0
31721,0
31722,1
31723,1
31724,0
31725,0
31726,1
31727,1
31728,1
31729,0
31730,0
31731,1
31732,0
31733,1
31734,1
31735,0
31736,0
31737,1
31738,1
31739,0
31740,0
31741,1
31742,1
31743,0
31744,1
31745,1
31746,0
31747,0
31748,1
31749,0
31750,1
31751,0
31752,0
31753,0
31754,0
31755,1
31756,0
31757,0
31758,1
31759,0
31760,1
31761,0
31762,1
31763,0
31764,1
31765,0
31766,1
31767,1
31768,0
31769,1
31770,0
31771,1
31772,1
31773,1
31774,0
31775,0
31776,1
31777,0
31778,0
31779,1
31780,0
31781,1
31782,0
31783,1
31784,0
31785,0
31786,0
31787,1
31788,0
31789,1
31790,1
31791,1
31792,1
31793,0
31794,1
31795,1
31796,0
31797,0
31798,1
31799,0
31800,1
31801,0
31802,1
31803,1
31804,1
31805,0
31806,0
31807,1
31808,1
31809,0
31810,1
31811,0
31812,0
31813,0
31814,0
31815,1
31816,0
31817,1
31818,0
31819,1
31820,0
31821,0
31822,1
31823,0
31824,1
31825,0
31826,0
31827,1
31828,0
31829,0
31830,0
31831,1
31832,0
31833,0
31834,1
31835,1
31836,0
31837,0
31838,1
31839,1
31840,1
31841,1
31842,1
31843,1
31844,0
31845,0
31846,1
31847,0
31848,0
31849,0
31850,0
31851,1
31852,0
31853,0
31854,1
31855,1
31856,0
31857,0
31858,0
31859,0
31860,1
31861,1
31862,0
31863,0
31864,1
31865,0
31866,0
31867,1
31868,0
31869,0
31870,0
31871,0
31872,0
31873,1
31874,1
31875,0
31876,0
31877,0
31878,0
31879,1
31880,1
31881,1
31882,0
31883,0
31884,0
31885,1
31886,1
31887,1
31888,1
31889,1
31890,1
31891,1
31892,0
31893,0
31894,0
31895,0
31896,0
31897,0
31898,0
31899,1
31900,1
31901,0
31902,0
31903,1
31904,1
31905,1
31906,1
31907,1
31908,0
31909,1
31910,1
31911,1
31912,0
31913,1
31914,0
31915,0
31916,1
31917,0
31918,1
31919,0
31920,1
31921,0
31922,0
31923,1
31924,0
31925,0
31926,0
31927,0
31928,1
31929,0
31930,0
31931,0
31932,0
31933,0
31934,1
31935,0
31936,0
31937,1
31938,1
31939,0
31940,0
31941,0
31942,0
31943,0
31944,0
31945,0
31946,0
31947,0
31948,0
31949,0
31950,1
31951,0
31952,1
31953,0
31954,0
31955,0
31956,0
31957,1
31958,0
31959,0
31960,0
31961,0
31962,1
31963,1
31964,0
31965,0
31966,1
31967,1
31968,1
31969,0
31970,1
31971,1
31972,1
31973,1
31974,1
31975,0
31976,1
31977,1
31978,1
31979,0
31980,1
31981,0
31982,0
31983,1
31984,1
31985,0
31986,0
31987,1
31988,0
31989,0
31990,1
31991,0
31992,0
31993,1
31994,0
31995,0
31996,1
31997,1
31998,1
31999,0
32000,0
32001,0
32002,1
32003,1
32004,0
32005,0
32006,0
32007,0
32008,0
32009,1
32010,0
32011,0
32012,1
32013,0
32014,1
32015,0
32016,1
32017,1
32018,0
32019,0
32020,0
32021,1
32022,0
32023,1
32024,0
32025,1
32026,0
32027,1
32028,0
32029,1
32030,1
32031,0
32032,0
32033,1
32034,1
32035,0
32036,1
32037,1
32038,0
32039,0
32040,0
32041,1
32042,0
32043,0
32044,0
32045,1
32046,1
32047,1
32048,1
32049,0
32050,1
32051,1
32052,1
32053,0
32054,0
32055,1
32056,0
32057,1
32058,1
32059,1
32060,0
32061,1
32062,1
32063,0
32064,1
32065,1
32066,0
32067,1
32068,0
32069,1
32070,0
32071,1
32072,0
32073,1
32074,0
32075,1
32076,0
32077,0
32078,1
32079,0
32080,1
32081,1
32082,0
32083,0
32084,0
32085,0
32086,1
32087,0
32088,1
32089,1
32090,0
32091,0
32092,0
32093,0
32094,0
32095,1
32096,0
32097,0
32098,1
32099,1
32100,0
32101,0
32102,0
32103,0
32104,0
32105,0
32106,1
32107,0
32108,1
32109,1
32110,1
32111,0
32112,0
32113,1
32114,0
32115,1
32116,0
32117,0
32118,1
32119,1
32120,1
32121,0
32122,0
32123,1
32124,0
32125,0
32126,0
32127,1
32128,0
32129,0
32130,0
32131,1
32132,1
32133,1
32134,1
32135,0
32136,0
32137,0
32138,0
32139,0
32140,1
32141,1
32142,1
32143,0
32144,0
32145,0
32146,0
32147,1
32148,1
32149,0
32150,1
32151,0
32152,0
32153,0
32154,0
32155,1
32156,1
32157,1
32158,0
32159,0
32160,0
32161,1
32162,1
32163,1
32164,1
32165,0
32166,0
32167,0
32168,1
32169,0
32170,1
32171,1
32172,1
32173,0
32174,0
32175,0
32176,0
32177,0
32178,1
32179,0
32180,0
32181,1
32182,1
32183,0
32184,1
32185,0
32186,0
32187,1
32188,1
32189,1
32190,0
32191,0
32192,0
32193,1
32194,0
32195,0
32196,1
32197,1
32198,1
32199,1
32200,0
32201,1
32202,1
32203,1
32204,0
32205,1
32206,1
32207,1
32208,1
32209,1
32210,0
32211,1
32212,1
32213,0
32214,1
32215,0
32216,0
32217,1
32218,0
32219,0
32220,0
32221,1
32222,1
32223,1
32224,0
32225,0
32226,1
32227,1
32228,0
32229,0
32230,1
32231,0
32232,1
32233,1
32234,1
32235,1
32236,0
32237,1
32238,1
32239,0
32240,0
32241,0
32242,0
32243,0
32244,0
32245,0
32246,1
32247,0
32248,1
32249,0
32250,0
32251,1
32252,1
32253,1
32254,0
32255,0
32256,0
32257,1
32258,1
32259,1
32260,1
32261,1
32262,1
32263,1
32264,1
32265,1
32266,0
32267,0
32268,0
32269,0
32270,1
32271,0
32272,1
32273,1
32274,0
32275,1
32276,0
32277,0
32278,1
32279,1
32280,1
32281,0
32282,1
32283,0
32284,1
32285,1
32286,0
32287,1
32288,1
32289,0
32290,1
32291,1
32292,0
32293,0
32294,0
32295,0
32296,0
32297,1
32298,0
32299,1
32300,1
32301,1
32302,0
32303,0
32304,0
32305,0
32306,1
32307,0
32308,0
32309,1
32310,1
32311,1
32312,0
32313,0
32314,0
32315,0
32316,0
32317,0
32318,1
32319,0
32320,1
32321,0
32322,1
32323,1
32324,1
32325,0
32326,0
32327,0
32328,1
32329,1
32330,0
32331,0
32332,1
32333,0
32334,0
32335,0
32336,0
32337,0
32338,0
32339,1
32340,0
32341,0
32342,1
32343,0
32344,0
32345,1
32346,1
32347,1
32348,1
32349,0
32350,1
32351,1
32352,1
32353,1
32354,1
32355,0
32356,1
32357,0
32358,1
32359,1
32360,0
32361,1
32362,1
32363,1
32364,0
32365,0
32366,1
32367,0
32368,0
32369,1
32370,0
32371,0
32372,0
32373,1
32374,0
32375,1
32376,0
32377,1
32378,0
32379,1
32380,1
32381,0
32382,0
32383,0
32384,0
32385,1
32386,1
32387,0
32388,0
32389,1
32390,0
32391,1
32392,1
32393,0
32394,0
32395,1
32396,1
32397,0
32398,0
32399,0
32400,0
32401,1
32402,0
32403,1
32404,1
32405,0
32406,1
32407,0
32408,1
32409,1
32410,0
32411,1
32412,0
32413,0
32414,1
32415,1
32416,1
32417,1
32418,1
32419,0
32420,0
32421,1
32422,0
32423,1
32424,1
32425,1
32426,1
32427,1
32428,1
32429,1
32430,1
32431,0
32432,0
32433,0
32434,1
32435,1
32436,0
32437,0
32438,1
32439,1
32440,1
32441,1
32442,1
32443,0
32444,0
32445,0
32446,1
32447,1
32448,1
32449,0
32450,1
32451,1
32452,1
32453,0
32454,1
32455,0
32456,0
32457,1
32458,0
32459,1
32460,0
32461,0
32462,0
32463,1
32464,1
32465,1
32466,0
32467,0
32468,1
32469,0
32470,1
32471,0
32472,0
32473,1
32474,0
32475,0
32476,1
32477,0
32478,0
32479,0
32480,0
32481,1
32482,0
32483,1
32484,0
32485,0
32486,0
32487,0
32488,1
32489,1
32490,0
32491,1
32492,1
32493,0
32494,0
32495,0
32496,1
32497,0
32498,0
32499,0
32500,1
32501,0
32502,0
32503,0
32504,0
32505,0
32506,0
32507,1
32508,0
32509,0
32510,1
32511,1
32512,0
32513,1
32514,1
32515,1
32516,1
32517,0
32518,0
32519,1
32520,0
32521,0
32522,0
32523,0
32524,1
32525,0
32526,1
32527,1
32528,1
32529,1
32530,1
32531,1
32532,1
32533,0
32534,0
32535,0
32536,0
32537,0
32538,1
32539,1
32540,1
32541,1
32542,1
32543,0
32544,1
32545,0
32546,1
32547,1
32548,0
32549,1
32550,0
32551,0
32552,0
32553,0
32554,1
32555,1
32556,1
32557,0
32558,0
32559,0
32560,1
